Employee_ID,Age,Gender,Department,Work_Hours,Job_Satisfaction,Stress_Level,Sleep_Hours,Physical_Activity,Health_Score,Absenteeism_Days,Years_at_Company,Remote_Work,Salary_Level,Mental_Health_Score
1001,24,Female,Finance,45.4,High,High,6.2,Light,69,6,1.8,No,Low,52.2
1002,50,Male,Marketing,38.4,High,Moderate,5.6,Light,39.5,5,17.4,No,High,47.4
1003,56,Female,IT,47.2,High,Moderate,7.3,Unknown,42,2,1.6,Yes,Medium,41.1
1004,39,Male,Marketing,33.4,High,High,7.6,Unknown,71.5,3,0.7,No,Medium,41.7
1005,41,Male,Finance,32,High,Moderate,7.7,Unknown,55.1,6,8.4,No,Low,66.9
1006,44,Male,Marketing,37.3,Medium,Moderate,6.7,Light,69.8,2,3.7,No,Low,48.6
1007,55,Female,IT,43,High,High,8.8,Unknown,67.6,3,2.8,Yes,High,41.1
1008,54,Female,Marketing,41.7,Low,Low,5.4,High,71.3,9,17.8,Yes,High,26.7
1009,31,Male,Finance,39.7,Medium,Moderate,6.9,High,82.8,3,4,Yes,Low,48.9
1010,54,Female,Sales,44.5,Medium,Moderate,6.3,Unknown,46.1,2,12.5,Yes,Low,29.3
1011,54,Male,Finance,51.8,High,Moderate,6.3,Unknown,89.6,4,7.4,No,Low,61.5
1012,47,Female,Marketing,48.3,Low,High,4.9,Moderate,61.7,3,6.6,Yes,Low,25.5
1013,41,Male,Sales,44,Medium,Moderate,5.3,Moderate,70,2,18.9,Yes,Low,66.8
1014,36,Male,Finance,40.5,Medium,Low,6.5,Unknown,78.5,4,0.7,Yes,Low,47.3
1015,58,Male,IT,43.1,Medium,Moderate,7.3,Unknown,77.1,4,10,Yes,Medium,67.4
1016,54,Male,IT,42.3,Medium,Moderate,7.2,High,74.8,2,5,Yes,High,57.3
1017,38,Female,Finance,43.5,High,High,5.2,High,74.9,6,3,No,Medium,39
1018,26,Female,IT,44.2,High,Low,7.2,Moderate,73.3,4,17.9,No,Low,62.7
1019,25,Female,Sales,42.1,Low,Moderate,4.9,Moderate,81.8,8,8.4,No,Medium,79.9
1020,24,Male,HR,51.2,High,Moderate,8,Unknown,88.6,5,6.6,No,Medium,71.5
1021,42,Male,Finance,41.4,Medium,High,5.8,Moderate,59.5,5,11.6,Yes,Medium,54.2
1022,24,Male,Marketing,43,High,Low,5.5,Moderate,66.4,4,1.3,Yes,Medium,63.5
1023,42,Male,Finance,40.8,High,High,5.8,High,80.1,8,16.2,Yes,High,50.2
1024,29,Female,Finance,44.7,High,High,7.3,Moderate,61,7,7.1,No,High,57.9
1025,57,Female,IT,43.8,Low,Moderate,4.9,Unknown,78.1,5,7,Yes,Low,62.1
1026,50,Female,IT,46.5,Low,Low,7.6,Light,60.6,5,15,Yes,Low,74.6
1027,55,Female,Marketing,38.3,Medium,High,5.8,High,73.5,5,16.1,Yes,High,37.4
1028,43,Male,Sales,42.8,Low,High,8.3,High,80,5,16.3,No,High,21.4
1029,52,Male,Sales,44.2,Medium,Low,6.2,Light,87.3,9,13.7,No,High,51.9
1030,49,Female,Finance,46.9,Low,High,6.5,Light,68.2,3,13.1,Yes,Medium,63
1031,56,Female,IT,47.2,Medium,Low,6.6,Light,67.6,5,14.4,Yes,High,42.6
1032,55,Male,Sales,33.6,Medium,Low,5.1,Light,86,4,18,No,Low,42.2
1033,34,Male,HR,38.8,Low,High,4.7,Moderate,76.3,10,13.7,Yes,High,44.7
1034,25,Male,IT,44.9,Low,High,5.9,Moderate,58.7,7,12.1,Yes,Medium,35.3
1035,27,Male,Sales,45.1,Medium,High,8,Moderate,66.6,5,6.1,Yes,Medium,52.3
1036,22,Female,IT,45.9,Medium,High,6.9,Unknown,76.6,4,3.5,No,High,77.2
1037,33,Male,Sales,49.1,High,Moderate,6.7,Unknown,62.2,5,15.3,Yes,High,57.6
1038,56,Male,IT,43.4,Medium,Low,7,High,44.3,3,15.2,No,High,38.5
1039,32,Male,Finance,47.7,Medium,High,6.1,Unknown,78.2,2,8.6,Yes,Low,40.7
1040,44,Female,Sales,52.3,High,High,4.1,Moderate,73.7,3,1,No,Low,33.4
1041,35,Female,Sales,42.3,High,Moderate,5.8,Light,60.6,8,9.4,No,High,77
1042,40,Female,IT,43.9,Medium,Moderate,5.6,High,78.5,3,15.1,Yes,Low,53.6
1043,58,Female,Finance,26.3,High,High,5.2,Light,71.8,0,12.3,Yes,High,58.4
1044,37,Male,Finance,46.8,Low,Moderate,7.8,High,80.6,6,8.4,No,Low,60.6
1045,49,Male,Marketing,52.7,Low,Moderate,7.4,High,75.1,3,0.7,Yes,High,67.8
1046,52,Female,Marketing,34.1,High,Low,6.8,Moderate,56.9,2,18.7,No,Low,68.6
1047,28,Female,HR,41,Medium,Moderate,6.9,Light,79.6,5,7.4,No,Medium,41.9
1048,48,Female,Marketing,42.6,High,High,7,High,67.5,2,4.4,No,Medium,42.4
1049,38,Male,Sales,46.2,Low,Low,5.8,Unknown,66.2,5,6.2,Yes,Low,54.9
1050,28,Male,IT,46.9,High,High,5.7,Unknown,74,1,8.3,No,Medium,53.8
1051,36,Male,HR,40.2,Low,Low,5.3,High,57.8,4,3.3,No,Medium,68.8
1052,33,Male,Marketing,39.6,Medium,High,7.3,Moderate,72.5,2,19.4,Yes,Medium,30.1
1053,29,Male,Marketing,37,Low,High,5.6,Moderate,82.2,6,13.2,Yes,High,71
1054,23,Male,HR,41.1,Medium,Moderate,9.2,Unknown,53.3,4,4.9,No,Medium,69.2
1055,59,Male,Marketing,45.8,Medium,Low,4.7,Unknown,64.1,3,10.8,No,High,62.2
1056,47,Female,Marketing,49.6,High,Moderate,5.6,Moderate,50.1,5,6.8,Yes,Medium,36.5
1057,42,Female,Marketing,37.2,Medium,High,7.5,Unknown,57.6,6,14.2,Yes,Medium,69
1058,34,Male,HR,44.1,High,High,5.9,Light,58.4,4,13,Yes,High,50.3
1059,40,Female,Sales,50.9,High,High,7.1,Moderate,77.4,6,1.3,No,Low,60.6
1060,39,Female,HR,42.8,High,High,6.1,Moderate,71.8,2,2.9,No,Medium,58.2
1061,23,Female,HR,37.8,High,Moderate,7.7,Moderate,61.9,2,8.9,Yes,Medium,35.9
1062,49,Female,Marketing,40.6,High,Moderate,4.2,High,68.3,4,11.9,No,High,34.9
1063,44,Female,Sales,42.7,High,High,5.6,Moderate,67,8,9.7,No,Medium,52.5
1064,25,Female,IT,50.6,Medium,Low,7.1,Light,72.1,6,14.8,Yes,Medium,45.4
1065,25,Male,Finance,41.9,Medium,Low,7,High,69,2,12,Yes,Low,39.3
1066,33,Female,IT,38.6,Low,High,6.8,Moderate,63.3,6,14.7,Yes,Medium,44.1
1067,43,Female,Marketing,49.5,High,Low,7.2,Light,68,5,1.3,No,Low,47
1068,47,Male,IT,42,High,Low,5.3,High,72,3,14.6,Yes,High,59.7
1069,56,Male,Sales,27.6,Medium,Moderate,7.5,Light,73.4,9,13.8,No,Low,44.9
1070,25,Male,Sales,38.6,Low,Moderate,4.4,Unknown,63,7,3.1,No,High,41.8
1071,33,Male,Marketing,36,High,Moderate,3.3,High,71.2,7,6.4,No,Low,31.9
1072,25,Female,Sales,46.8,Medium,High,5.5,Light,73.4,6,3.9,No,Medium,34.6
1073,52,Male,Marketing,38.4,Low,High,5.7,Unknown,68.7,8,15.2,Yes,Low,49.2
1074,28,Male,Marketing,44.5,Medium,High,7.5,Moderate,64.1,3,8.3,Yes,High,63.1
1075,31,Female,HR,38.7,High,High,7.2,High,77.8,2,2.2,No,High,56.1
1076,45,Male,IT,43.8,High,High,7.8,Unknown,70.7,6,17.7,No,Low,31.4
1077,36,Female,HR,44.5,Low,High,6.5,Light,67.3,3,6.1,Yes,Low,63.8
1078,41,Male,Marketing,43.8,High,High,6.2,Moderate,76.4,6,16.5,No,Medium,27.2
1079,28,Female,Finance,42.4,Low,Moderate,5,High,76.2,4,6.5,No,High,38.1
1080,34,Male,Finance,43.4,Low,Moderate,6.2,High,93.7,3,7.4,No,Medium,43.8
1081,49,Female,Marketing,41.1,Medium,Moderate,5.1,Moderate,58.9,5,2.6,Yes,Low,67.3
1082,39,Male,Finance,40.8,Medium,Moderate,6.9,Moderate,58.9,4,10.2,Yes,Medium,36.7
1083,32,Female,IT,44.8,High,High,8.5,Light,71.3,10,14.9,No,Low,54
1084,57,Male,HR,39.9,High,Low,8,Light,93.8,6,18.4,Yes,Low,47.5
1085,57,Female,IT,46.2,Low,High,7,Moderate,55.6,4,2.7,Yes,Medium,41.7
1086,23,Male,Sales,40.4,High,Low,6.2,Moderate,69.3,3,16.2,No,High,53
1087,38,Female,HR,37.9,High,High,6.4,High,64.7,5,5.4,Yes,Medium,38.2
1088,27,Male,HR,46.2,Medium,High,8.3,Unknown,77.9,5,13.3,Yes,High,46.8
1089,44,Female,IT,46.3,High,Moderate,5.9,High,62.6,8,8.9,Yes,Medium,56.6
1090,37,Male,HR,41.3,High,Low,7.2,Moderate,68.7,13,12.4,No,High,62.3
1091,47,Male,Marketing,50.7,High,High,5.6,Moderate,60.8,3,1.8,Yes,High,54.4
1092,22,Female,IT,51.6,High,Low,6.8,Moderate,79.2,3,5.6,Yes,Low,38.7
1093,57,Female,Finance,43.7,High,High,3.9,High,62.2,4,5.3,Yes,Low,48.8
1094,51,Male,IT,41.8,Medium,Moderate,6.7,Light,71.2,5,7.5,Yes,Medium,40.2
1095,23,Male,Finance,43.4,High,Low,7.7,Light,65.5,7,7.1,No,High,37.2
1096,41,Female,IT,41,High,Moderate,5.3,Unknown,57.1,4,6.9,Yes,Medium,61.9
1097,26,Female,Marketing,41.2,Medium,Low,5,Unknown,76,7,2.8,No,High,40
1098,52,Female,Sales,34.9,Medium,High,6.7,High,63.5,3,6.1,No,Low,59.9
1099,29,Female,Marketing,40.2,Medium,Moderate,6.6,Unknown,42.4,2,19.7,Yes,Medium,52.4
1100,51,Female,Marketing,49.2,Low,Moderate,8.2,High,87.7,7,8,No,Medium,57.9
1101,23,Male,Sales,49.5,Low,Moderate,7.4,Light,74.8,5,9.7,Yes,High,40.7
1102,34,Male,Finance,40.2,High,Low,7,High,80.9,3,11.2,Yes,High,53.5
1103,25,Female,Marketing,32.3,Low,High,6.2,Light,88.7,4,12.1,No,Medium,54.9
1104,29,Male,Sales,49.7,High,Low,6.3,Unknown,84.5,3,19.1,No,Low,42.8
1105,46,Male,Sales,47.8,Medium,High,7.3,High,56,7,17.9,No,Medium,24.6
1106,28,Male,IT,44,Low,Moderate,5.3,Moderate,73.7,4,3.6,No,Low,46.2
1107,35,Male,HR,37,Medium,Moderate,4.4,High,58.6,7,7,No,High,18.8
1108,50,Male,IT,39.2,High,Moderate,6.5,Unknown,58.4,2,7.4,Yes,High,33.1
1109,42,Female,HR,39.3,Medium,High,5.7,Unknown,65.9,3,4.2,Yes,Low,30.1
1110,58,Male,Marketing,35.8,Medium,Low,7.7,Light,75.3,6,2.9,Yes,High,34.2
1111,54,Female,IT,41.2,Low,High,6.6,Unknown,73.6,4,15.8,No,Medium,32.9
1112,46,Male,Marketing,38,High,Low,6.9,Unknown,66.4,9,19.4,Yes,Medium,52.8
1113,35,Female,Sales,42.1,High,Low,6.5,Unknown,80.2,1,15.2,Yes,Medium,96.9
1114,30,Male,IT,43.8,High,Moderate,4.6,Unknown,59.6,6,5.2,No,Medium,43.7
1115,36,Male,Finance,40.3,Low,Low,6.5,High,86.1,4,18.2,No,Low,50.3
1116,28,Female,Sales,39.4,Low,Moderate,6.1,Unknown,75.7,11,2,No,Low,60.9
1117,23,Male,Finance,48.9,Low,Moderate,6.9,Unknown,83,3,16.4,No,High,70.7
1118,52,Female,Finance,48.2,Medium,Moderate,7.3,Moderate,90.8,3,2.1,Yes,Medium,70.2
1119,28,Male,HR,42.5,Low,Moderate,6.6,Light,75.4,8,14.7,Yes,Medium,52.8
1120,32,Male,Finance,35.6,High,High,6.9,Moderate,63.3,11,2.8,No,High,45.8
1121,34,Male,IT,37.8,Low,High,8.9,High,60.9,6,1.1,No,Low,70.2
1122,34,Female,Marketing,43.7,High,High,7.3,Unknown,52.9,4,18.9,Yes,High,38.8
1123,47,Female,Finance,49.9,High,Moderate,7,Moderate,58.7,4,2.8,Yes,Medium,40.4
1124,29,Female,HR,38,Medium,High,5.5,Unknown,86.4,4,11,No,High,37.3
1125,35,Male,Finance,37.5,High,Moderate,6.7,High,60.7,5,15.9,No,Low,26.4
1126,23,Male,Marketing,41.5,Medium,High,5.5,Moderate,98,5,6.1,Yes,High,63.1
1127,36,Male,IT,37.4,Low,Low,4.8,Unknown,73.8,5,12.1,No,Low,61.5
1128,45,Female,Finance,44.7,Medium,Moderate,6.7,Light,75.7,4,15.4,Yes,High,51.7
1129,55,Female,Sales,30.1,Medium,Moderate,6.3,Unknown,80.7,9,11.1,No,Medium,41.9
1130,25,Female,Marketing,45.4,Medium,High,7.5,Unknown,79.9,6,9.2,Yes,High,51.9
1131,39,Female,Finance,40.6,Medium,Moderate,7.8,Unknown,80.2,1,11.2,No,Medium,36.5
1132,46,Male,Marketing,43.2,Low,Low,7.1,Unknown,74.1,2,16.8,No,Medium,55.3
1133,45,Male,Marketing,37.7,Low,Moderate,7,Light,61.4,6,11.5,No,Medium,31.2
1134,27,Female,Marketing,46.2,High,Moderate,8.8,Moderate,56.9,6,13.8,No,High,28.5
1135,55,Female,Marketing,45.5,Medium,High,6.3,Light,70.4,6,12.5,No,High,51.9
1136,59,Female,HR,37.9,Low,Moderate,6.9,Unknown,60.3,4,11.1,No,Low,40.1
1137,24,Female,HR,41.4,High,Low,6.8,High,76,8,17.4,No,Low,41.8
1138,40,Male,HR,48.4,High,Low,6.2,Unknown,65.7,4,6.5,Yes,Medium,43.7
1139,57,Male,Marketing,40.3,Medium,Low,6.9,Unknown,65.9,4,14,Yes,Low,79.2
1140,40,Female,IT,33.8,Low,Moderate,6.6,Light,92.5,5,15.1,Yes,Low,66.6
1141,49,Male,Sales,35,Medium,Moderate,8.8,High,73.2,4,19.4,No,Low,72.6
1142,31,Male,HR,38.9,High,Moderate,7.1,Unknown,59.1,6,0.7,No,High,43.4
1143,39,Male,Marketing,38,Medium,Low,6.5,Moderate,84.1,3,18.7,Yes,Medium,68.7
1144,25,Male,HR,48.1,Medium,Low,6.5,Unknown,88.4,5,5,No,Low,39.3
1145,33,Male,Sales,39.8,Low,Moderate,4.6,High,71.9,2,2,No,High,47.8
1146,48,Female,HR,51.7,High,Low,6,Moderate,67,4,10,Yes,Low,75.8
1147,50,Female,Marketing,50.4,Low,High,6.4,Light,70.4,9,6.4,Yes,Low,32.1
1148,33,Male,HR,34.4,Medium,High,7.2,Unknown,79.9,4,19.5,No,Low,32.6
1149,32,Female,IT,47.8,High,Low,8,High,57.6,6,13.8,No,Low,68.2
1150,25,Male,Marketing,40,Low,Low,8.7,Unknown,68.8,7,6.6,No,Medium,78.4
1151,45,Female,IT,45.6,Medium,Low,6.8,Unknown,72.5,5,4,Yes,Low,27.7
1152,47,Female,Finance,44,Low,Low,4.9,High,60.6,8,19.5,Yes,Medium,57.8
1153,49,Female,Finance,40.8,High,Low,6.3,High,68.1,4,0.6,No,Low,39.6
1154,25,Female,Finance,46,Low,Moderate,4.8,Light,59.2,7,17.5,Yes,High,35.8
1155,57,Female,Sales,47.4,High,Low,6.9,Light,76.4,7,14.1,Yes,Low,39.6
1156,36,Male,HR,43.1,Medium,Moderate,4.9,High,52.1,8,8.3,Yes,High,46
1157,43,Male,HR,47,Low,Low,6,Moderate,73.5,2,14.6,No,Medium,6
1158,45,Female,Marketing,58,Medium,Moderate,6.9,Moderate,76.9,12,12.4,No,Low,54.9
1159,45,Female,IT,42.3,Medium,Low,6.9,Unknown,92.5,4,6,No,Low,57
1160,58,Male,IT,43.8,Low,Low,6.7,Unknown,73,4,12,Yes,Medium,65.4
1161,26,Female,Marketing,42.8,Medium,Low,5.2,High,86,5,9.3,No,High,63.9
1162,27,Male,Finance,43,Medium,High,6.4,High,73.6,6,14.8,No,Low,47.4
1163,31,Male,IT,45.5,Low,Low,5.9,High,74.9,4,14.8,Yes,Medium,17
1164,24,Male,HR,44.3,Low,Moderate,6.7,High,48,2,5.6,No,Medium,44.2
1165,59,Male,Sales,38.2,High,Low,6.9,Light,60.4,5,10.2,Yes,High,84.7
1166,55,Male,IT,40.1,High,High,6.7,Unknown,84.6,7,0.8,Yes,High,54.2
1167,27,Female,HR,42.1,High,High,5.9,Moderate,61.4,5,8.5,No,High,41.5
1168,31,Male,Finance,39.2,Medium,High,7.4,Unknown,78.4,7,12.5,Yes,Low,43.9
1169,37,Male,Sales,44.5,Low,Low,7.5,Moderate,50.7,6,0.7,Yes,Medium,49.2
1170,50,Female,Finance,39.7,High,High,6.5,High,85.7,2,11,Yes,Medium,71.4
1171,24,Female,HR,38.3,Medium,Moderate,7.2,Light,57.5,7,8.2,No,Low,59.2
1172,32,Male,Finance,34.4,High,High,7.3,High,70.4,5,17.2,Yes,Medium,34.4
1173,58,Male,Marketing,37.9,High,High,6.5,Light,76.2,5,7.1,Yes,High,79.9
1174,25,Female,HR,38.8,Low,Moderate,7.7,Light,71.5,3,10.8,No,High,10.3
1175,25,Female,Finance,42.1,Low,Moderate,5.9,Unknown,78.5,3,15.1,No,High,44.4
1176,45,Female,Marketing,47.3,Medium,Low,7,Light,75.8,3,17.2,Yes,Low,57.4
1177,49,Female,Marketing,51.7,High,Low,8.9,High,82,7,3,Yes,High,35.7
1178,56,Male,Finance,48.7,High,High,6.3,Unknown,71.9,4,6.9,Yes,Low,41.8
1179,59,Male,Finance,43.4,High,Low,6.5,High,61.8,7,0.7,Yes,Medium,47.8
1180,45,Female,Marketing,53.3,Low,High,5.5,Light,61.6,1,3.6,Yes,High,72.3
1181,43,Male,HR,40.9,Low,Moderate,6.6,High,90.6,8,14.4,Yes,Medium,48.2
1182,47,Male,HR,38.2,High,High,6.7,Unknown,75.9,5,13.3,Yes,High,30.9
1183,39,Female,Finance,41.1,Medium,Moderate,4.1,High,68.3,8,5.3,No,High,57.3
1184,24,Male,Sales,46.2,Medium,Moderate,5.3,Unknown,61.1,6,16.9,Yes,High,95.3
1185,32,Male,IT,36.9,Medium,Low,6.1,Unknown,84.9,2,9.5,No,Low,61.7
1186,30,Female,Finance,48.3,Medium,Low,4.6,High,83.9,2,7.2,Yes,High,29.1
1187,54,Female,Marketing,33.9,High,Low,6.2,Light,74.4,7,18.8,Yes,Low,77
1188,47,Male,Sales,43.3,Low,High,7.5,High,74.4,9,11.4,No,Low,48.6
1189,57,Female,Sales,39.6,Medium,High,6.6,Unknown,91.6,6,5.4,No,Low,44
1190,25,Male,IT,43.3,High,Moderate,8.4,Moderate,82.4,6,16.4,No,High,64.6
1191,23,Male,IT,38.4,High,High,5.5,High,70.1,6,19.7,No,Low,29.3
1192,29,Male,Sales,44.6,High,Moderate,4,Moderate,63,5,8.6,No,Medium,25.6
1193,28,Female,HR,36.8,Low,High,5.5,High,66.7,5,14.1,Yes,Medium,40.2
1194,57,Male,Marketing,34.2,Medium,Moderate,6.1,Light,70.7,3,15,Yes,Medium,20.6
1195,55,Male,Finance,34.9,Low,Moderate,7.9,Moderate,51.8,3,7.8,No,High,73.8
1196,40,Male,Sales,34.5,High,Low,6.3,Light,73.9,4,7.4,No,High,53
1197,50,Female,IT,39.5,Low,High,6,High,57.1,6,3.6,Yes,Medium,31.9
1198,27,Male,IT,52.2,Low,Low,7.1,Light,58.9,8,1.3,No,High,44.2
1199,31,Male,IT,46.6,Low,High,7.1,Unknown,72.6,5,13.2,Yes,High,37.4
1200,26,Male,Sales,41,Low,Moderate,5.6,Unknown,92.2,6,13.8,No,Medium,57.4
1201,45,Male,IT,42.9,Low,Moderate,6.3,High,82.4,7,7.2,Yes,Low,42.5
1202,43,Female,HR,45.7,Low,High,7.8,Unknown,76.5,4,2.7,No,Low,62.4
1203,47,Male,HR,52,High,Low,6.3,High,79.3,6,1.9,Yes,High,36.5
1204,58,Female,Marketing,46.6,Low,Low,7.8,Moderate,74,3,12.9,Yes,Low,66.4
1205,50,Male,Marketing,44.4,Low,Moderate,5.9,Moderate,76,6,16.2,Yes,Low,52.8
1206,57,Male,HR,44.5,Low,Low,8.4,Moderate,49.5,5,2.3,Yes,Low,35.8
1207,41,Female,Sales,40.9,Low,Moderate,9.2,High,75.4,8,8,Yes,Medium,61.2
1208,39,Male,Marketing,49.3,Medium,High,7.5,Unknown,70.3,4,10.9,Yes,Medium,79.6
1209,36,Female,Marketing,47.3,High,Moderate,6.7,Moderate,70.1,4,11,No,High,21.2
1210,36,Male,Sales,37.1,Low,Moderate,7.8,High,80.8,10,19.4,No,Low,49.1
1211,45,Female,Marketing,32.2,Low,High,6.5,Moderate,75.6,3,2.4,Yes,Medium,76.9
1212,50,Male,Finance,42.3,Low,Low,5.7,Unknown,88.4,6,17.9,No,High,95.7
1213,38,Female,Finance,39.8,Medium,Low,6.2,Unknown,73.5,2,5.3,Yes,High,79.6
1214,46,Male,HR,38.6,Medium,Low,7.4,Unknown,76.7,4,7.5,No,Medium,54.2
1215,37,Female,Finance,30.6,Low,Low,8,Moderate,57.2,6,1,No,High,43.9
1216,38,Female,Finance,44.7,Medium,Low,4.3,High,53.9,8,17.1,Yes,High,28.7
1217,42,Female,Sales,35.2,Low,High,7.1,Light,62.1,3,15,No,Medium,65.1
1218,48,Male,Marketing,50.1,High,High,6.2,Unknown,79.1,5,15.8,No,Medium,60.7
1219,26,Female,HR,37.7,Medium,Moderate,6.9,Moderate,82.1,6,11.4,Yes,Low,57.1
1220,43,Male,IT,46.2,Medium,High,5.9,High,73.3,8,13.5,No,High,35.9
1221,54,Male,IT,37.3,Low,Moderate,6.5,Moderate,70.8,4,17.2,Yes,Medium,44.3
1222,23,Female,Sales,41.3,High,High,4.8,Light,60.1,4,15.6,Yes,Medium,54.7
1223,56,Male,HR,39.6,Low,Moderate,8,High,87.1,6,15.4,No,Medium,66.8
1224,40,Male,Finance,40.6,High,Moderate,5.7,Unknown,75.3,5,15.5,No,High,58
1225,48,Male,Finance,44.5,Medium,Moderate,3.8,Moderate,54.8,2,5.9,Yes,High,61.7
1226,57,Female,IT,41.7,Medium,Moderate,5.3,High,79,6,8.4,Yes,Low,45.9
1227,23,Male,Finance,46.6,High,Low,6.3,Unknown,68.1,5,2.5,Yes,Medium,37.8
1228,39,Male,HR,49.9,Medium,Low,6.2,Unknown,64.6,4,17.8,No,Low,44.4
1229,44,Female,Finance,42,Low,High,5.6,Light,68.2,4,13.2,Yes,High,40.7
1230,47,Female,IT,42.5,Medium,Moderate,4.7,Light,75,7,6,No,Medium,57.4
1231,32,Male,Finance,46.7,Medium,Low,6.9,Light,84.2,4,19.5,Yes,Low,11.5
1232,22,Female,HR,41.8,Low,Low,7.4,Moderate,67.7,5,16.7,No,High,24.3
1233,57,Female,HR,38.1,High,Low,7.4,Light,92.3,3,15.8,No,High,52
1234,41,Male,Finance,47,Medium,Moderate,6,Light,70,5,12.8,Yes,High,37.6
1235,52,Male,Marketing,44.9,Low,High,7.1,Moderate,71.2,6,10.7,Yes,Low,53.8
1236,29,Male,Sales,38.9,Low,Low,6.7,Unknown,64.4,2,18.5,Yes,Medium,42.2
1237,45,Female,HR,41.2,High,Low,7.1,Light,85.9,5,16.9,Yes,High,24.9
1238,41,Male,HR,44.6,Low,Low,5.7,High,66.5,5,11,Yes,Medium,61.6
1239,36,Male,IT,49.7,Low,Low,4.7,Unknown,68.4,6,1.9,Yes,Medium,60.6
1240,51,Female,Marketing,36.9,Medium,Low,4.7,Unknown,62.6,5,9.5,Yes,Medium,61.7
1241,41,Male,IT,45.9,High,Moderate,6.4,High,84.3,5,12.6,Yes,Medium,63.2
1242,59,Male,IT,34.3,Low,Moderate,7.6,Moderate,71.7,7,19,Yes,Low,36.6
1243,23,Female,IT,43.9,Medium,High,6.4,Light,51.3,4,13.3,No,Medium,55.1
1244,27,Female,Marketing,58.2,High,Moderate,7.1,Light,66.4,4,15,Yes,High,44.6
1245,39,Male,IT,43.1,Medium,Low,6.9,High,63.1,8,1.1,No,High,43.8
1246,57,Female,Finance,49.5,Low,High,7.8,High,64.3,1,1.3,No,High,31.3
1247,35,Male,HR,44.5,High,Low,5.2,High,61.7,4,17.4,Yes,High,49.7
1248,47,Female,Sales,31.8,Low,Low,5.2,Moderate,72.1,6,2.4,No,Medium,75.2
1249,55,Male,Sales,43.9,High,High,6.8,Moderate,72.5,5,4.9,Yes,Medium,51.1
1250,51,Female,Marketing,44.5,Low,Moderate,7.1,Unknown,79,3,10.6,Yes,Medium,42.7
1251,28,Female,Marketing,40.7,Medium,Moderate,7.8,High,86.8,5,11.4,Yes,High,41.6
1252,51,Female,Sales,43.7,Low,High,5.1,Light,73.6,8,10.6,No,High,52.2
1253,39,Female,Finance,46.8,High,High,7.1,Light,64.9,7,3.3,Yes,High,47.7
1254,43,Male,HR,39.2,Medium,High,6.4,Moderate,65.6,4,2,Yes,Medium,54
1255,38,Male,Finance,51.3,High,High,6.9,Light,70.2,9,14.2,Yes,Medium,21.9
1256,52,Male,Sales,47.5,Low,Moderate,6.7,High,79.5,3,2.2,No,Medium,47.2
1257,38,Male,Sales,40.9,High,Moderate,5.9,Light,72.8,4,7.1,No,Medium,61
1258,52,Female,HR,44.9,Low,Low,7.8,Moderate,62.7,5,5.9,Yes,High,38
1259,34,Female,HR,33,Low,Low,5.6,Moderate,72.4,8,19.7,Yes,Low,84.2
1260,48,Female,Marketing,46.9,High,High,6,Unknown,71.9,7,4.8,No,Medium,53.4
1261,41,Female,Marketing,41.1,Medium,Moderate,7.2,Light,60.2,6,19.5,No,High,46.9
1262,38,Male,Finance,46.3,Medium,High,6.5,Moderate,71.2,4,6.4,No,High,38.1
1263,50,Male,Sales,47.4,Medium,Moderate,9.3,Moderate,49.8,7,19.1,No,Medium,42.2
1264,56,Male,Finance,42,Low,High,5.5,High,68.3,4,14.4,Yes,High,53.9
1265,29,Female,Marketing,33.5,Medium,High,6.5,Light,88,4,8.4,Yes,High,55.2
1266,59,Female,IT,45.3,Medium,Low,7.1,Moderate,85.2,3,10.8,No,High,52.4
1267,36,Female,HR,43.1,High,Low,5,Moderate,75,3,6.3,No,Low,61.9
1268,22,Male,Sales,37.3,Medium,Low,4.4,Unknown,68.6,2,15.6,Yes,Low,53.8
1269,54,Female,Sales,47.8,High,Moderate,6.2,Light,70.2,4,4.8,No,Low,33.5
1270,24,Female,IT,38.8,Medium,High,6.7,High,71.3,4,14.8,No,Low,48
1271,59,Female,Sales,45.3,Medium,High,6.1,Unknown,74.3,5,15.4,Yes,Low,62.5
1272,36,Male,Sales,50.8,High,Moderate,8.5,High,59.2,5,15.1,No,High,47.7
1273,39,Male,IT,54,Medium,Low,6,Light,77.2,6,19.9,Yes,High,67.1
1274,59,Male,Marketing,47.6,High,Low,5.8,Unknown,80.9,4,14.2,No,High,60.9
1275,52,Male,HR,40.4,High,Low,7.2,High,60.4,3,7.2,Yes,Low,20.6
1276,41,Male,Marketing,38.3,Medium,Moderate,6.4,Light,75.1,2,3.9,No,High,52
1277,28,Male,IT,40.6,Medium,High,6.5,High,74,4,6.8,No,Low,18.8
1278,58,Female,Finance,37.3,Medium,Moderate,7.1,Moderate,79.6,7,12.2,Yes,High,45.7
1279,48,Male,HR,37,Low,Low,7.6,Moderate,76.1,5,3.6,No,High,39.8
1280,29,Female,Finance,43.4,High,High,7.6,High,78,11,14.1,Yes,Low,69.5
1281,35,Female,Sales,43.2,High,Low,6.6,Unknown,66.5,6,12.9,No,Low,70.4
1282,36,Female,HR,43,High,High,6.2,Unknown,60.2,1,4.5,Yes,High,36.5
1283,28,Female,Finance,41.6,High,High,8.8,Unknown,65.5,8,0.7,No,High,51.9
1284,54,Female,Finance,46,High,Low,9.1,Moderate,67.3,3,13.8,Yes,High,60.2
1285,55,Female,Finance,42.9,Medium,Low,6.1,Unknown,66.9,5,1.7,No,High,63.3
1286,25,Male,Sales,41.9,Medium,Low,5.8,Light,68.1,8,9.7,Yes,High,56.5
1287,22,Female,HR,41.3,Low,Low,5,Unknown,63.2,5,1.4,No,High,67.6
1288,35,Female,Marketing,42.1,High,Moderate,6.8,High,69.6,4,16.4,Yes,Low,37.4
1289,52,Female,Sales,48,Low,Low,7.5,Light,72.3,7,2,No,High,62.3
1290,59,Female,HR,35.2,Low,High,4.7,Unknown,71.5,5,16.6,Yes,Medium,53.9
1291,41,Female,Finance,32.3,Medium,Moderate,7,Moderate,76.2,9,8.7,No,Low,40.9
1292,24,Male,IT,48.9,Medium,Moderate,4.5,Unknown,47.8,5,4.5,No,Low,54.1
1293,56,Male,IT,36.8,Medium,Moderate,6.4,Moderate,85.6,5,9.3,Yes,Low,41.3
1294,54,Male,Sales,44.1,Medium,Moderate,4.3,Moderate,61.5,4,12.2,Yes,High,19.9
1295,36,Female,Marketing,40.4,Medium,Moderate,4.4,Light,89.5,7,9.6,Yes,High,33.8
1296,24,Female,Marketing,47.2,Medium,Moderate,5.4,High,71.3,9,9.1,Yes,Low,38.9
1297,49,Female,HR,50.9,Low,High,5.8,High,69.3,3,8.1,Yes,High,57
1298,48,Female,IT,38.4,High,High,5.1,Light,60.1,6,5.2,Yes,Low,70.3
1299,54,Female,Finance,48.4,High,High,7,High,59.1,3,15,No,Low,56.4
1300,40,Male,Marketing,35.3,Medium,Low,7.8,Moderate,77.3,3,12.2,No,Low,27.1
1301,54,Female,Marketing,47.4,Medium,Low,6.7,High,77,5,10,Yes,Low,86
1302,52,Female,IT,42.1,Low,Moderate,5.7,Moderate,63.9,5,6.6,No,Low,72
1303,25,Female,Finance,45.6,Medium,Low,5.4,Unknown,66.8,3,14.7,Yes,Low,72.6
1304,53,Male,HR,40.1,Low,High,5.3,Unknown,47.1,6,7.9,Yes,High,52.8
1305,49,Female,HR,49.2,Medium,Moderate,7.6,Light,74.8,2,3,Yes,Medium,66.4
1306,37,Male,HR,47.8,High,Low,5.5,High,84.4,3,13,Yes,High,67
1307,49,Male,HR,39.5,High,Moderate,7.2,Unknown,55.1,7,15.9,Yes,High,44.8
1308,36,Female,IT,39.7,Low,High,9.3,Light,71,9,9.1,Yes,Low,55.5
1309,43,Female,HR,44.7,Medium,Moderate,7.6,Unknown,49.7,3,12.3,Yes,High,51.4
1310,52,Male,IT,40.5,Medium,Low,7.2,High,71,4,1.1,Yes,Low,48.9
1311,42,Female,Marketing,44.5,Low,High,6.9,Unknown,79.2,2,2.3,Yes,Low,59.5
1312,53,Male,IT,44.7,Medium,Moderate,5.5,Light,74.9,7,8.1,No,High,57.5
1313,28,Female,Sales,42.9,High,Moderate,5,Light,70.9,8,16.2,No,Low,28.2
1314,54,Female,Sales,36.1,High,Moderate,6.3,Light,64.7,2,5.6,Yes,Low,71.1
1315,29,Female,Marketing,45.7,High,High,5.3,Unknown,66.3,2,5.2,No,High,39.3
1316,35,Female,Finance,45,Low,Low,8.8,Moderate,78.7,4,1.6,Yes,High,47.9
1317,46,Male,Sales,41.4,Medium,High,7.5,Moderate,69.7,7,19.5,No,Low,56.9
1318,53,Male,IT,46.3,Medium,Moderate,7.8,High,86.3,10,7.3,No,Medium,32.5
1319,49,Male,Marketing,31.9,High,Low,6.7,Light,40.3,10,1.4,No,Medium,53.4
1320,23,Female,Finance,46.5,Low,Low,5.8,High,77,3,14.4,No,Medium,61.5
1321,38,Male,Sales,35.8,Low,High,6.6,Light,69.1,8,8.8,Yes,High,69.6
1322,48,Female,Finance,39.5,Low,Low,8.7,Moderate,51.3,10,7,No,Medium,42.8
1323,23,Male,HR,39.2,High,Moderate,7.5,High,67.8,5,11.3,Yes,High,30.5
1324,29,Female,HR,40.2,Low,Low,5.8,High,67.4,3,9.5,Yes,Medium,51.2
1325,59,Male,HR,51.5,High,Low,8.3,High,62.3,6,5.7,No,Low,54.2
1326,41,Female,Sales,40.8,Medium,Low,8.5,Moderate,77.4,5,5.1,Yes,High,60.6
1327,58,Male,Finance,44,Medium,Low,7.7,High,63.2,6,17.6,No,Low,32.7
1328,42,Male,Sales,37.3,Medium,Low,5.8,Moderate,66.6,6,2.3,Yes,Medium,45.8
1329,47,Female,Finance,42.4,Low,Moderate,6,High,86.6,4,8.5,Yes,Low,40.8
1330,52,Female,IT,37.1,High,Moderate,6.6,Unknown,69.6,7,9.1,Yes,Low,50.9
1331,41,Male,IT,46.8,High,Low,7.5,Light,69.3,8,15.7,No,Medium,69.6
1332,27,Male,Sales,48.3,High,Low,7.5,Unknown,88.7,2,19.6,No,Low,63.4
1333,36,Female,Finance,47.2,Low,Low,3.9,Moderate,75,4,10.7,No,High,56.3
1334,22,Male,IT,46.4,High,High,5.3,Unknown,76.3,2,10.4,No,High,66
1335,47,Male,Finance,48.9,High,High,7.4,Unknown,69.2,1,0.6,No,Medium,71.9
1336,50,Male,IT,45.4,Medium,Moderate,9.4,Unknown,63.4,6,10.8,No,High,50.6
1337,23,Female,Finance,42.1,High,High,5.2,Light,56.7,6,11.2,Yes,Medium,69.7
1338,43,Male,Sales,33.3,Medium,Low,5.8,High,83.4,10,18.6,Yes,Low,59.8
1339,50,Female,Sales,37,High,Low,6.6,High,86.2,5,7.8,No,High,59.9
1340,30,Female,Marketing,52.9,Low,Low,4.4,Moderate,66.4,7,14.3,No,High,55.3
1341,42,Female,IT,44.1,Low,Moderate,7.4,Moderate,78.5,5,8,Yes,Low,63.8
1342,53,Male,HR,35.8,Medium,Moderate,6.9,Light,64.1,9,15.2,No,High,30.9
1343,53,Female,Marketing,43.3,High,Moderate,5.6,High,70.3,8,20,Yes,High,31.1
1344,47,Female,HR,45.5,Low,Low,8.5,Light,48.8,7,3.8,No,Low,53.6
1345,34,Female,IT,49.1,Low,High,8.5,Moderate,61.9,5,16.2,No,Medium,23.9
1346,24,Female,Sales,41.3,Low,Low,7.7,High,48.7,6,8.9,No,High,34.6
1347,53,Female,HR,49.5,Medium,High,4.4,High,55.5,6,18.2,No,Medium,36.2
1348,54,Female,Sales,40,High,Moderate,6.5,High,86.4,5,17.5,No,Medium,55.6
1349,54,Female,Marketing,42.4,High,Moderate,7.3,Light,59.7,7,13.7,Yes,High,57.7
1350,34,Male,Marketing,33.5,Medium,Low,6,Light,67.4,8,18.9,Yes,High,48.5
1351,27,Female,Sales,36.6,Low,High,6.1,High,70.8,7,16.9,No,High,63.1
1352,25,Male,Finance,35,Low,High,8.1,Moderate,83.8,7,9.2,No,Medium,62.2
1353,59,Female,IT,37.3,Medium,High,7.7,High,60.5,4,12.7,No,Low,78.3
1354,27,Female,Finance,41.3,Low,High,7.2,Moderate,59.1,3,11.6,Yes,High,65
1355,24,Female,Marketing,36.2,Medium,Low,7.1,Unknown,68.8,7,7.8,Yes,High,72.9
1356,48,Female,IT,41.7,Low,High,6.3,Unknown,66.3,4,13.2,No,Medium,30
1357,41,Female,Finance,47.1,Low,Moderate,5.9,Moderate,78.7,1,3.9,Yes,High,59.2
1358,39,Male,HR,40.6,Medium,High,4.8,Light,56.9,2,3.2,No,High,37.6
1359,41,Male,Finance,47.5,Medium,High,6.4,High,59.2,3,6.1,No,Medium,43.5
1360,51,Female,Sales,46.2,Low,High,8.6,High,53,10,19.9,Yes,Low,66.4
1361,31,Female,HR,44.6,Medium,Moderate,8.1,Moderate,77.3,5,3.5,Yes,Medium,21
1362,44,Female,Sales,42.9,Low,Low,7.3,Light,76.9,8,18.7,Yes,Medium,49.2
1363,24,Male,HR,49,Low,Moderate,6.3,Unknown,86.7,6,9.2,Yes,Low,60.4
1364,30,Female,Marketing,38.5,High,Low,7.6,Moderate,60.4,3,11.8,No,Low,26.7
1365,40,Female,IT,46.5,High,Moderate,6,Moderate,61.2,3,15.9,No,Medium,69.1
1366,57,Female,HR,36.2,High,Low,5.8,Light,59.6,3,3.8,No,Medium,52.4
1367,48,Male,Marketing,37.4,Medium,High,6.9,Unknown,73.6,9,2.1,No,Low,49.8
1368,49,Female,Marketing,49,High,High,6.4,Unknown,55.3,6,4.9,No,High,59
1369,29,Male,IT,31.5,High,Low,4.3,Moderate,42.1,7,11,Yes,High,56.2
1370,29,Male,IT,37,Low,Moderate,7,Moderate,73.7,4,13.6,No,High,18.5
1371,39,Female,HR,44,Medium,Moderate,7.9,Moderate,73.7,7,13.2,Yes,Medium,50.4
1372,42,Female,Marketing,43.4,Medium,Moderate,5.7,High,54.4,5,4,Yes,Low,67
1373,34,Male,Marketing,40.4,Low,High,7.7,Moderate,70.9,5,16.8,No,High,79
1374,48,Female,IT,35.7,High,Moderate,7.1,Unknown,64,7,7.1,No,Low,24.3
1375,37,Male,Sales,42.7,Medium,Moderate,5.7,Unknown,53.9,3,6.8,Yes,Medium,18
1376,30,Female,IT,43,Low,Moderate,5.8,Light,79.7,6,18.5,No,Low,19.7
1377,48,Female,Sales,42.7,High,Moderate,6.2,High,70.7,2,19.2,No,Low,32.7
1378,38,Female,Sales,39.9,Low,High,8.3,Moderate,79.3,0,19.5,Yes,High,39.5
1379,24,Female,Finance,42,High,Low,6.7,Light,80.1,6,7.1,Yes,High,39.8
1380,25,Female,Sales,40.9,Low,Moderate,6.6,Unknown,86.1,6,5.8,No,Medium,39.9
1381,22,Female,IT,42.4,Medium,Low,6.9,Unknown,67.9,6,5.1,No,High,58.1
1382,35,Male,HR,51,Medium,Moderate,9.3,Unknown,82.5,7,14.3,Yes,Low,47.6
1383,29,Female,Marketing,47.2,High,High,7.5,High,83.9,3,7.2,Yes,Low,71.2
1384,28,Male,IT,43.3,High,Low,5.2,Light,78.9,5,17.7,Yes,High,50.8
1385,51,Female,HR,43.4,Low,Moderate,6.7,Moderate,64,2,16.6,No,Medium,29.9
1386,46,Male,Sales,34.1,Medium,Moderate,6.9,Light,55.7,3,11.4,Yes,Low,42.4
1387,37,Male,Finance,44.3,High,Moderate,7,Moderate,69.2,11,4.5,No,Low,55.5
1388,32,Male,IT,46.4,Low,Low,7.3,High,74.9,1,12.3,No,Low,68.3
1389,46,Male,Marketing,40.4,High,Moderate,6.3,Unknown,74.3,4,9.8,Yes,High,33.4
1390,54,Female,Sales,41.3,Low,Moderate,7,High,84.6,2,9.6,No,Low,54.7
1391,42,Female,Finance,40,High,Low,6,Moderate,90.3,9,17.1,Yes,Low,66.7
1392,31,Male,Finance,39.9,High,Low,7.3,Light,69,4,14.9,Yes,High,25.4
1393,30,Female,Sales,33.9,High,High,7.9,Unknown,82.4,5,10.1,Yes,Medium,42.7
1394,22,Female,IT,39.7,High,Low,5.7,High,67.7,4,13.2,Yes,Medium,47.7
1395,55,Female,Sales,36.6,Low,High,7.4,Moderate,69.8,2,10.8,No,Medium,61.7
1396,52,Male,Sales,42.5,High,Moderate,7.9,Unknown,89.5,6,16.6,No,Low,29
1397,42,Male,IT,36,Medium,Moderate,5.1,High,82.1,10,10.5,No,Low,57.4
1398,45,Male,HR,34.7,High,Moderate,8.1,High,75,7,10.6,No,Low,37.1
1399,40,Female,Sales,44.2,High,Low,6.9,High,57.4,4,18.1,Yes,Medium,44.9
1400,42,Male,IT,43.5,Medium,High,5.8,High,77.6,6,12.7,No,Low,57.8
1401,46,Female,Sales,37.3,High,High,5,Light,63.9,4,18.8,No,Low,28.7
1402,41,Male,Sales,48.4,Low,Moderate,6,Light,75.9,2,9.6,No,Medium,55.8
1403,47,Male,Marketing,39.9,Low,High,5.9,Moderate,57.3,5,6.8,Yes,High,60
1404,28,Male,Marketing,42.7,High,Moderate,8.5,Unknown,75.5,3,4.4,No,Medium,35.1
1405,24,Male,Sales,34.4,Low,Low,6.7,Moderate,84.2,4,6.7,Yes,Medium,53.2
1406,29,Male,Marketing,39.8,High,Moderate,6.3,Light,56.4,4,12.7,Yes,High,45.7
1407,51,Female,Sales,43.4,Medium,Low,5.4,Unknown,65.9,6,9.3,No,Low,78.6
1408,32,Female,IT,49.1,Low,High,5.9,Light,73.7,8,7.3,Yes,Medium,20.8
1409,29,Male,Sales,38.7,High,Moderate,8.5,Moderate,67.2,2,15.6,No,Medium,39.2
1410,58,Male,Sales,36,Low,Moderate,6.2,Light,63.9,5,6.8,No,Medium,49.5
1411,38,Male,IT,53.6,High,Low,8.2,Unknown,66.3,3,1.2,Yes,Low,53.8
1412,29,Female,HR,48.7,Medium,High,5.9,Unknown,57.4,5,5.8,No,Medium,67.9
1413,51,Female,Sales,47.4,High,Low,5.5,Light,76.8,4,4.4,No,Medium,39.4
1414,37,Male,Sales,45.3,Low,Low,7,Unknown,72.9,8,1.3,No,Low,66.5
1415,25,Male,Finance,42.2,Low,Low,7.7,Light,86.6,2,14.8,No,High,72.7
1416,42,Female,IT,46.4,Medium,Low,3.6,Light,78.8,4,2.7,Yes,Low,62.2
1417,55,Female,HR,46.1,Medium,High,5.6,Unknown,63.2,7,15.6,Yes,Low,43.7
1418,56,Male,Sales,37,High,High,4.2,Unknown,53.3,6,2.7,No,High,55.3
1419,34,Female,Sales,41.9,High,Moderate,6.2,High,65.4,4,16.2,No,High,72.9
1420,48,Female,IT,33.7,High,Moderate,9.1,High,42.4,3,5.7,Yes,Medium,42
1421,29,Female,HR,53,High,Moderate,5.6,Light,67.7,2,13,No,Medium,64.6
1422,50,Female,HR,46.7,Low,Moderate,5.7,Unknown,68.6,4,10.9,No,Medium,52.8
1423,37,Male,Finance,40.1,High,Low,6.4,Moderate,65.7,4,8.3,Yes,Medium,50.5
1424,26,Female,IT,50.4,Medium,Low,7.3,Unknown,63.2,3,13.1,No,High,36.7
1425,58,Female,Sales,40.5,Low,High,5,Moderate,63.5,7,10.6,No,High,52.1
1426,31,Male,Marketing,49.2,Medium,Low,7.3,Unknown,76.8,4,17.9,No,Low,36.6
1427,36,Male,IT,34.8,Low,High,8.1,Light,82.6,5,12.2,No,Medium,66.8
1428,42,Male,Finance,36.9,High,High,6.9,Unknown,60.7,7,4.8,Yes,Low,56.2
1429,55,Male,HR,43.2,Low,Moderate,7.2,Unknown,64.5,8,7.1,No,Low,78.3
1430,43,Female,Finance,39.7,High,Moderate,5.4,Moderate,67,4,16.4,No,Low,32.5
1431,43,Male,Sales,38.3,Low,High,3.1,Light,76.3,5,11.2,Yes,Medium,56.5
1432,30,Male,Sales,38.5,Medium,High,8.1,High,65,4,9.2,Yes,Medium,61.6
1433,47,Male,HR,46.8,High,Low,8.9,Light,55.2,1,7.8,No,Medium,60
1434,34,Male,HR,44.9,Medium,Moderate,6.9,Light,59.7,4,8.3,No,Medium,55
1435,39,Male,Sales,41.6,Low,High,7.9,Light,59.3,4,3.8,Yes,High,48.3
1436,22,Female,Marketing,35.7,Medium,High,7.2,Moderate,64.5,4,0.8,Yes,Medium,46.5
1437,44,Female,HR,49.6,Medium,Low,7.3,Moderate,63.7,6,4.2,Yes,Low,60.4
1438,54,Female,IT,45.2,High,High,6.4,Unknown,83.7,8,3.1,Yes,Low,61.5
1439,52,Male,Finance,39.8,High,High,7.7,Moderate,73.2,6,6.8,No,Medium,38
1440,42,Male,Finance,40.2,Low,Moderate,7.3,High,66.3,6,19.4,No,High,74.4
1441,44,Female,IT,45.2,Medium,Low,8,Light,87.4,7,17.8,Yes,High,47
1442,37,Female,HR,41.7,Low,Moderate,5.8,Unknown,72.7,6,11,No,Medium,40.9
1443,48,Male,Marketing,31.9,High,High,6.9,Moderate,58,5,17.3,Yes,Medium,80.1
1444,58,Male,Marketing,38.9,High,High,9.1,Unknown,59.2,3,16.4,Yes,Medium,42.7
1445,59,Female,IT,41.9,Medium,Low,7.4,High,74.5,12,13.7,No,Low,38.3
1446,35,Male,Sales,40.3,High,Low,7.2,Moderate,60.8,4,1.4,Yes,Medium,37.4
1447,58,Female,HR,48.3,Low,Moderate,8.5,Unknown,79.9,4,8.1,Yes,Medium,74.3
1448,28,Male,HR,35.9,Medium,Moderate,6.6,High,68.1,7,12.2,Yes,High,44.3
1449,33,Male,Sales,43.7,Medium,Moderate,4.8,Moderate,65.8,5,14.9,No,High,60.2
1450,49,Female,Sales,52,Medium,High,7,Light,52.7,6,15.7,Yes,High,45.2
1451,24,Male,Sales,44.6,Medium,High,8.3,Moderate,79.2,1,15.5,Yes,Medium,82.5
1452,43,Male,Finance,43.9,Medium,Moderate,5.7,Unknown,80.5,7,12.9,No,Medium,45.9
1453,42,Male,IT,38.1,Medium,Moderate,5.8,Light,60.2,3,5.6,No,High,72.7
1454,50,Female,Marketing,49.5,Medium,High,6.4,Light,69,4,15.9,No,Low,55.4
1455,41,Male,Finance,35.7,Medium,Moderate,4.7,Unknown,68.8,5,1.5,Yes,Medium,27.7
1456,24,Male,Marketing,39.4,Low,Low,6.1,Unknown,80.2,3,14.4,Yes,High,49.3
1457,48,Male,HR,47.4,High,Low,5.9,Moderate,78.9,6,4.5,Yes,Medium,48.4
1458,42,Female,HR,41.8,High,High,7.2,Light,62.7,7,11.6,Yes,Low,73.4
1459,54,Female,HR,33.7,High,High,6.2,Unknown,71,11,18.1,No,High,49
1460,51,Female,Finance,37.2,High,High,6.9,Moderate,65.5,7,6,No,High,48.9
1461,30,Female,HR,31.3,Medium,High,5.2,Light,44.6,3,5.8,No,Low,57.1
1462,59,Male,Marketing,48.6,Low,Low,6.1,Moderate,74.4,3,3.7,No,Low,38.7
1463,44,Male,Marketing,39.1,Medium,Moderate,6.3,High,81.6,4,5.4,No,Medium,74.3
1464,44,Female,Sales,42.5,Low,High,7.2,Unknown,67.4,9,17.2,Yes,Medium,52.8
1465,22,Female,HR,46.6,Low,Low,7.4,Light,71.6,4,11.5,Yes,High,44.5
1466,42,Male,Marketing,42.9,Low,Low,5.2,Moderate,55,5,3.8,No,Medium,52.8
1467,53,Female,HR,33.1,Low,Moderate,4.6,High,67.6,7,13.5,Yes,Low,51
1468,47,Female,IT,35.9,High,Low,4.5,Unknown,50.2,3,1.9,No,Low,49.6
1469,54,Female,Finance,42.9,High,Moderate,7.8,Light,73.4,3,3.9,Yes,Medium,32
1470,30,Male,IT,42.7,Low,Low,6.2,Moderate,44.9,6,16.2,Yes,Low,53.1
1471,38,Female,Sales,44.8,Low,Moderate,10.2,Moderate,64.3,3,17.7,Yes,Low,55.4
1472,27,Male,IT,51.8,Medium,Moderate,8.1,Light,72.6,1,0.8,No,Low,39.5
1473,28,Female,HR,39.3,Low,Low,7,Light,78.1,1,15.5,Yes,Medium,75.9
1474,28,Male,Marketing,44.2,Medium,High,5.2,Unknown,69.8,5,17.9,Yes,High,57.4
1475,58,Male,Finance,42.6,High,High,6.3,High,72.4,4,17.3,Yes,High,35
1476,26,Male,Sales,44.9,Low,Moderate,4.8,High,50.2,0,11,Yes,Medium,24.5
1477,54,Female,Sales,45.4,High,Moderate,5.7,Unknown,64.1,1,0.9,No,Low,43.3
1478,31,Male,Finance,47.8,High,Low,6.3,Light,77.6,5,2.7,Yes,High,39.2
1479,38,Female,Marketing,40.6,Low,Moderate,5.4,Moderate,60.6,5,5.2,Yes,Medium,30.2
1480,49,Male,Sales,41.5,Low,High,7,Light,70.3,3,11.1,Yes,Low,73.7
1481,43,Female,Marketing,45.9,High,High,6.7,Light,89.8,6,14.7,No,Medium,29.9
1482,42,Female,Sales,41.6,Low,Moderate,6.3,Moderate,70.9,8,0.6,No,High,54.6
1483,53,Female,Marketing,44.4,Medium,Moderate,5.6,Unknown,62.1,2,4.1,Yes,Low,33.1
1484,53,Female,HR,39.5,Low,High,5.6,High,64.8,9,7.7,No,Low,75.8
1485,57,Male,Sales,33,Low,High,3.9,Light,71.6,7,0.8,Yes,High,23.3
1486,52,Male,IT,47,High,High,7.1,Moderate,79.8,2,14.5,Yes,Medium,64.8
1487,27,Male,Sales,50.4,High,Low,7.2,Light,68.6,5,9.9,Yes,Medium,44.9
1488,42,Male,Marketing,44.9,High,Low,7.9,Moderate,89.1,2,14.9,No,High,40.2
1489,56,Male,Finance,36,Low,Moderate,8.1,Light,71.1,4,1.7,Yes,Low,36.1
1490,35,Female,Finance,41.8,Medium,High,6.9,Light,81.4,1,4,No,Medium,46.9
1491,44,Female,Marketing,43.1,High,High,8.1,Moderate,76.3,7,15.8,No,Low,49.2
1492,45,Female,HR,49.8,Low,Low,7.4,High,86.2,1,2.3,Yes,High,46.9
1493,51,Female,IT,45.7,Low,Low,8.1,High,72,6,2.2,No,Low,33.6
1494,31,Female,Sales,45.1,Low,Moderate,4.2,Unknown,64.4,4,2,No,Low,49.3
1495,26,Male,Sales,48,Low,Moderate,6,Moderate,65.6,7,8.8,Yes,Low,45.4
1496,51,Male,Marketing,44.3,High,High,6.6,High,55.2,5,14.6,Yes,Medium,57.8
1497,28,Female,Sales,45.8,Medium,Moderate,4.9,Unknown,63,3,7.3,No,High,58.4
1498,27,Female,Marketing,42.3,High,Moderate,4.5,Moderate,65.3,3,19.6,Yes,Low,44.3
1499,29,Female,Marketing,39.4,Medium,High,6.9,Unknown,61.2,5,13.1,No,Low,69.2
1500,47,Female,Marketing,46.8,Low,Moderate,4.2,Moderate,60.2,4,9,No,High,52.1
1501,39,Female,Finance,46.9,High,Moderate,8.2,Light,82.5,6,9.3,No,Medium,67.2
1502,57,Male,Sales,34.9,High,Moderate,6.7,Moderate,88.7,6,13.8,Yes,Medium,51.2
1503,47,Female,Finance,41,Medium,Low,5.8,Light,70,4,17.7,Yes,Medium,38.6
1504,57,Male,Marketing,39.7,High,Low,6.9,Light,59.7,5,4.5,No,Medium,53.4
1505,25,Female,Marketing,49,Medium,Low,8.2,Light,62.8,3,8.2,Yes,High,57.9
1506,34,Male,Marketing,49.4,High,High,9.4,High,77.6,9,17.2,Yes,High,50.7
1507,45,Male,Sales,43.6,Low,Low,5.4,High,68.7,4,9.5,Yes,Medium,74.1
1508,52,Male,Finance,54.5,High,High,5.1,Unknown,53.7,5,13.7,Yes,Medium,58.2
1509,43,Male,Sales,36.3,Low,Moderate,6.9,Unknown,60.1,5,14,Yes,High,67.8
1510,39,Male,IT,44.5,Medium,High,7,Moderate,85.5,6,11,Yes,Low,54.4
1511,55,Male,IT,43,Low,Moderate,5.1,Moderate,77.9,9,5.5,Yes,Medium,58.1
1512,44,Female,IT,37.9,Medium,Low,6.2,Unknown,84,4,0.5,Yes,Medium,77
1513,58,Female,IT,34.5,High,High,6.6,Moderate,73.6,3,13.7,No,High,36.3
1514,22,Male,Marketing,44.2,Low,Low,5.8,Light,73.7,5,10.2,No,High,58.9
1515,41,Male,Finance,36,High,High,8.7,Unknown,66.8,6,4.5,No,Medium,72.6
1516,46,Female,HR,44.8,Medium,High,4.9,High,58.2,3,6.6,No,High,39.1
1517,27,Female,HR,39.7,Low,Moderate,6,Moderate,77.9,5,15.8,Yes,High,56.3
1518,51,Female,IT,43.4,Low,High,8.7,Unknown,60.4,8,2.5,Yes,Low,45
1519,41,Male,Finance,38.6,Low,High,4.5,Unknown,66,6,19.4,Yes,High,86.8
1520,30,Male,Sales,40.9,High,Low,6.4,Light,47.6,4,18.1,No,High,39.9
1521,39,Male,Sales,37,High,High,5.9,High,71.3,3,1.9,Yes,Low,55.7
1522,24,Female,IT,41.6,High,Moderate,9,Light,63.5,5,10.1,Yes,Low,49.8
1523,57,Male,IT,52.5,Medium,Moderate,6.8,High,82,1,3.4,Yes,Low,68.2
1524,27,Male,Sales,38.7,Medium,Moderate,6.7,Moderate,84.6,7,4.1,Yes,Low,71.7
1525,59,Female,HR,39.2,Medium,High,6.6,Unknown,74.7,10,1.2,No,Medium,47.5
1526,22,Female,HR,53.7,Low,High,6.5,Light,82.2,4,5.3,Yes,High,72.7
1527,40,Male,Marketing,39.9,High,Low,6.7,Moderate,63,3,10.2,Yes,High,58.7
1528,59,Female,HR,50.4,Medium,Moderate,5.4,Unknown,76.4,4,8.3,No,Low,67.7
1529,49,Male,Sales,45.6,High,High,6.4,Unknown,72.6,6,12.5,Yes,Low,55.2
1530,30,Female,IT,40.5,Low,Moderate,6.4,Unknown,67.5,7,15.3,No,High,52.9
1531,31,Female,Sales,39.6,High,Low,8.7,High,62.2,7,13,No,Medium,49.4
1532,45,Female,Sales,41.9,Medium,Low,6.6,Moderate,63.8,3,3.4,Yes,High,51
1533,47,Female,Marketing,38.1,Low,Moderate,7.4,Light,67.2,7,5.2,No,High,43
1534,29,Male,HR,42.2,Medium,Low,4.8,Unknown,82.3,2,6.1,Yes,Medium,10.4
1535,26,Female,HR,40.8,Medium,Moderate,5.6,Moderate,66.1,5,14,No,High,58
1536,34,Male,Sales,45,Medium,High,7.8,High,71.9,4,6.7,Yes,High,49.9
1537,43,Male,Marketing,39,High,Moderate,7,High,72.4,9,15.3,Yes,High,34.6
1538,55,Female,Sales,37.1,Low,Low,5.9,Light,79,6,4,No,Medium,29.4
1539,46,Male,Finance,41.3,Medium,Moderate,7.1,Unknown,74.5,1,8.1,No,Medium,47.8
1540,44,Male,Finance,44.3,Medium,High,5.7,Light,70.8,5,2,Yes,Medium,69.5
1541,42,Male,HR,40.3,Low,Low,7,Light,67.9,4,2.4,No,High,87.3
1542,24,Male,Sales,37.4,Medium,Moderate,5.4,Moderate,86.8,3,17.2,Yes,Medium,61.7
1543,29,Female,HR,42.6,Low,Low,6.3,Moderate,71.3,10,3.4,Yes,High,32.9
1544,43,Female,Finance,40.4,Medium,Moderate,8,Light,67.2,5,7,Yes,High,64.8
1545,32,Male,Finance,35.5,Medium,Moderate,6.7,Unknown,59.6,4,9.4,No,Low,49.5
1546,44,Female,Sales,37.6,Medium,High,5.7,Light,64.3,5,14.8,Yes,Low,31.4
1547,37,Male,Marketing,38.8,High,Moderate,9.2,Moderate,68.2,7,11.5,No,Low,27.8
1548,49,Male,HR,37.6,Low,High,6.8,High,56.3,4,12.5,No,Medium,73.3
1549,56,Female,Sales,42.2,High,Moderate,6.9,High,65.8,6,13.2,No,High,77.9
1550,50,Female,Finance,32.8,High,High,7.9,High,58.1,2,2.5,Yes,High,41.1
1551,59,Female,HR,47.2,Low,High,4.1,Unknown,77.6,5,2.9,No,Medium,16.2
1552,27,Male,IT,47.6,Low,High,8.6,Light,78.8,8,8.2,No,Low,49.4
1553,35,Female,HR,51.8,Low,Moderate,8.2,Moderate,76.4,6,8.3,Yes,Medium,42.3
1554,50,Male,Marketing,32.6,Low,Moderate,6.8,Unknown,60.6,7,13.3,Yes,Medium,69.6
1555,49,Female,Sales,46,Medium,High,6.2,Light,55.1,8,10.5,No,Low,40.3
1556,31,Male,Sales,46.9,High,High,6.9,High,72.5,5,1,Yes,High,40
1557,25,Male,Marketing,42.4,High,Moderate,8,Moderate,85.2,12,10.3,Yes,Low,7.4
1558,45,Female,HR,41.4,Medium,Moderate,6.1,High,70.3,5,11.2,Yes,Low,25.1
1559,23,Male,HR,46.8,High,High,5.6,Unknown,74.7,5,14.7,No,Low,75.7
1560,50,Male,Finance,44.8,High,Moderate,6.3,Moderate,54.3,5,12.6,Yes,Low,72
1561,46,Male,HR,42.5,Low,Moderate,8.2,High,45.2,3,5.4,Yes,Low,48.3
1562,52,Male,IT,38.9,Medium,High,7.7,High,72.3,5,9.6,Yes,Low,42.4
1563,36,Female,Marketing,46.9,Medium,High,7.3,High,71.1,4,16.2,Yes,Medium,31.3
1564,59,Male,Finance,41,Medium,Moderate,5.9,Unknown,56.9,5,17.3,Yes,Medium,67.7
1565,54,Male,Sales,33.6,Medium,High,5.5,High,77.5,4,15.8,Yes,High,23.7
1566,29,Female,Marketing,50.6,Low,High,6,Moderate,62.9,3,2.3,No,Low,55.6
1567,37,Male,Sales,44.2,High,Low,8.2,Light,67.1,7,3.7,Yes,Medium,41.7
1568,59,Male,Marketing,44.9,Medium,High,6.4,High,75.1,5,9.6,Yes,Low,69.6
1569,55,Male,Sales,47.2,Low,High,5.5,High,63.6,7,13.2,Yes,Low,72.4
1570,27,Female,Sales,34.9,Low,Low,7.4,Unknown,64.3,5,8.1,No,High,68.7
1571,44,Male,Finance,41.7,High,High,6.9,Moderate,65.7,2,0.9,No,Low,57.1
1572,42,Male,HR,44.7,High,Low,7.3,Moderate,72.8,8,16,No,Medium,68
1573,56,Female,HR,45.5,Medium,High,7.5,Light,79.1,7,16.7,Yes,Low,48.2
1574,50,Male,Marketing,36.2,Medium,High,6.8,High,67.4,2,9.6,Yes,Low,55.3
1575,56,Male,Finance,39.6,High,High,4.7,Moderate,53.8,8,9.9,Yes,Medium,45.8
1576,23,Female,HR,44.1,Medium,Moderate,7,Moderate,68.8,4,18.9,No,Medium,15.6
1577,54,Female,Sales,46.3,High,Low,6.4,Light,53.1,7,6.2,No,Low,71.2
1578,47,Female,Marketing,45.7,High,Low,5.7,High,91,2,2.1,Yes,High,70.8
1579,53,Male,HR,39.5,High,High,5.3,Unknown,77.4,6,12.6,Yes,High,40.2
1580,39,Male,IT,40.9,Medium,High,9.2,Unknown,57.7,6,6.9,Yes,Low,67.6
1581,55,Male,HR,39.8,Medium,Moderate,4.9,Unknown,61.1,5,2.5,No,High,55.6
1582,51,Female,Sales,46.3,Medium,High,4.5,Moderate,77.7,1,2.5,No,High,38
1583,44,Male,Finance,42.2,Low,Low,6.1,Light,75.8,5,18.5,Yes,Medium,44.3
1584,41,Male,Marketing,33.3,High,High,4.8,High,77,10,12.6,Yes,Low,41.9
1585,44,Female,Sales,37.8,Low,Moderate,9.3,Unknown,62.3,3,3.7,Yes,Medium,46.8
1586,29,Male,Sales,47.7,High,High,5.2,Moderate,61.1,4,2.1,Yes,Low,58.6
1587,35,Female,IT,52.1,High,High,4.4,High,70.9,8,5.8,No,Low,34.1
1588,44,Male,Sales,39.1,Medium,Low,4.4,Moderate,71.8,3,10.2,Yes,Low,34.9
1589,35,Male,IT,46.8,Medium,Low,4,High,65,5,4,No,Low,65.1
1590,23,Female,Sales,40.8,Low,Low,6.2,Unknown,82.4,10,8.8,No,Medium,57.9
1591,25,Female,HR,45,Low,High,6,Moderate,74.7,5,11.5,Yes,Medium,63.4
1592,45,Male,Marketing,46.5,High,Moderate,6.4,High,61,6,3.3,Yes,High,43.7
1593,57,Male,Finance,30.6,Medium,Moderate,7.5,Light,85.9,6,19.1,No,Medium,53.9
1594,30,Male,IT,38.8,High,Moderate,5,High,80,3,7,No,Low,21.2
1595,37,Male,Finance,40.7,Low,Low,5.4,High,53.5,5,13.3,No,Medium,57.1
1596,53,Male,Marketing,39.7,Low,Low,7.7,Unknown,74.2,5,10,No,Low,82
1597,53,Male,IT,43.2,Medium,Low,5.7,High,80.8,8,18.7,No,High,59
1598,48,Female,Sales,46.3,Low,Moderate,6.2,Light,70.2,3,10.4,No,Medium,26.3
1599,36,Female,IT,40.8,Medium,Low,6.7,Moderate,59.6,6,7.6,No,High,39.5
1600,25,Male,Finance,43.4,Medium,High,5.9,High,51.8,9,10.8,No,Low,34.5
1601,57,Female,Marketing,38.3,Low,Moderate,6.5,Unknown,71.7,2,6.7,Yes,High,80
1602,46,Female,Sales,34.1,Low,Moderate,7.9,High,67.3,4,5.6,No,Medium,50.6
1603,36,Male,HR,41.7,Medium,Moderate,8.2,Unknown,69,5,13.3,No,High,70.2
1604,33,Female,Sales,46.3,High,Moderate,5.8,High,73,5,17.1,No,Medium,37.8
1605,28,Female,Sales,49.6,Low,Moderate,6.2,Light,79.3,9,1,No,High,56
1606,57,Female,HR,42.4,High,Moderate,4.3,Moderate,56.8,2,8.3,Yes,Low,49.5
1607,45,Male,Sales,41,High,Moderate,6.3,Moderate,60,5,0.9,No,High,28.8
1608,27,Female,Sales,37.5,High,Moderate,7.9,Moderate,64.3,4,19.1,Yes,Medium,70
1609,52,Male,Finance,36.8,Medium,Moderate,8.3,Moderate,72.6,6,9.9,No,Low,52.8
1610,42,Male,HR,36.3,Medium,Moderate,5.8,High,71.5,5,8,No,High,29.9
1611,32,Male,IT,43.2,Medium,Low,8.7,Light,82.7,4,8.3,Yes,High,31.8
1612,37,Female,Sales,36.3,Low,Moderate,9.1,High,68.1,4,12.7,Yes,High,47.9
1613,35,Female,Sales,41.3,Low,High,6,Moderate,53.3,5,7,Yes,Low,81
1614,46,Female,Finance,44.4,Medium,High,5.6,Unknown,77.6,3,11.6,No,Medium,63.6
1615,35,Female,Sales,38.1,Medium,High,6.6,Moderate,81.6,3,4.5,Yes,High,53.8
1616,59,Male,Finance,45.2,High,Low,3.6,High,68.3,6,8.6,No,High,41.6
1617,39,Female,Finance,51.5,High,Low,6,High,68.2,6,8.5,No,Low,57.9
1618,35,Male,Sales,46.6,Medium,Moderate,9,High,61.7,3,3.3,No,High,50.9
1619,45,Female,Sales,45.6,Medium,High,8,Unknown,64.5,4,17.6,No,High,65.3
1620,29,Female,Sales,47.7,Medium,Moderate,7.3,Unknown,66.6,7,0.5,No,Medium,38.5
1621,46,Female,HR,38.9,High,Low,6.3,Moderate,97.1,4,4.8,Yes,Low,57.6
1622,55,Male,Marketing,33.7,Medium,Moderate,6.6,Light,69.5,13,5.8,Yes,Low,38.5
1623,49,Male,Marketing,47.1,Medium,Moderate,7.1,Moderate,63.2,7,1.1,Yes,Medium,42.6
1624,45,Male,Finance,33.5,Medium,Moderate,6.1,Light,71.7,5,12.5,Yes,High,70.1
1625,39,Male,HR,41.5,High,Low,5.4,Moderate,73.2,3,0.7,No,Medium,68.1
1626,55,Female,HR,40.3,Medium,High,7.1,High,68.8,10,8.8,No,Medium,21.5
1627,24,Male,IT,34.5,Low,Moderate,6.7,High,58.8,4,15.2,Yes,Medium,64.9
1628,33,Male,IT,44.6,Low,Low,6.9,Light,78.7,2,6.9,No,Low,61.7
1629,57,Male,Marketing,42.4,High,Low,7.8,Moderate,79.3,8,13.7,No,High,73.7
1630,26,Male,HR,44.7,High,High,8.9,High,64.6,4,19.9,Yes,Medium,67.1
1631,40,Female,Sales,45.3,High,Low,6.9,Unknown,64.9,5,6.2,No,Low,81.3
1632,33,Female,Finance,32.4,High,Low,7,High,58.6,5,2.2,No,High,45.5
1633,48,Male,IT,44.5,Low,Moderate,6,Light,72.3,4,11.5,Yes,Medium,46.4
1634,38,Female,Sales,40.9,High,High,8.9,Light,74.9,5,17.9,No,High,37.3
1635,49,Male,Finance,37.1,Medium,Low,4.3,High,79.4,7,11.7,Yes,High,75.7
1636,43,Female,HR,43.8,High,High,5.7,Light,87.8,4,16.6,No,Medium,56.2
1637,31,Male,IT,33.4,Low,Low,7.6,Unknown,80,5,11.8,No,Medium,30.5
1638,27,Male,IT,43.5,High,Moderate,7.5,Moderate,71.8,4,2.2,No,High,39.2
1639,38,Male,Marketing,33.4,High,High,6.2,Unknown,56.7,5,10.9,No,Medium,41.2
1640,33,Male,IT,36.9,Low,Low,5.5,Unknown,75.3,4,13.6,No,Low,38.8
1641,27,Female,HR,41.1,Medium,Low,4.9,Unknown,65.4,6,14.6,Yes,High,39
1642,43,Male,Marketing,36.8,Low,Low,6.8,Moderate,70.8,6,3.8,Yes,High,65.1
1643,37,Male,Finance,47.1,Low,Moderate,5.6,Unknown,77.8,7,17.9,Yes,Low,37.7
1644,25,Female,IT,37.9,Low,Moderate,4.4,Light,77.2,7,5.3,Yes,Low,66
1645,46,Male,Marketing,43.4,Low,Low,8.1,High,75.2,3,14.6,Yes,Medium,57.4
1646,54,Male,HR,41.5,Medium,Low,8.4,Unknown,68.4,4,10,Yes,Low,48.1
1647,22,Male,HR,42.2,Low,Low,5.8,High,70.6,2,7.9,Yes,Medium,57.1
1648,36,Female,Sales,43.9,High,Low,7.9,Moderate,55.8,8,13.2,Yes,Medium,97.3
1649,38,Female,Marketing,47,Low,Low,6.5,Moderate,74.1,4,13.5,Yes,Medium,72.5
1650,40,Male,Finance,49.6,Medium,Moderate,6.6,High,87.6,4,9.1,Yes,High,42.9
1651,40,Female,HR,44.3,High,Moderate,6.5,Unknown,74.2,8,7.6,Yes,Low,22.3
1652,41,Male,HR,42.9,Low,Low,6.5,Unknown,66.3,4,10.9,No,Medium,38.7
1653,22,Female,Sales,42.5,Low,High,6.7,Unknown,80.4,3,6.5,Yes,Medium,43.3
1654,44,Male,Marketing,30,Medium,Low,5.9,Unknown,72.4,7,4.6,Yes,Medium,66.3
1655,37,Female,Finance,40.4,Medium,Moderate,5.2,Light,77.1,7,8.8,Yes,Medium,41
1656,45,Female,IT,38.7,Medium,Low,6.6,High,76.1,6,5,Yes,High,59.4
1657,41,Female,Sales,37.1,Medium,Low,3.4,Unknown,73.6,3,14.6,No,Low,49.5
1658,36,Male,HR,48.8,Low,Low,8.1,High,65.7,2,19.3,No,High,65.2
1659,45,Female,IT,36.2,High,Low,5.4,Moderate,61.8,3,19,No,Medium,74
1660,58,Male,Marketing,46,High,Low,6.4,High,59.2,6,18,No,Low,31.9
1661,54,Female,Sales,40.8,Medium,Low,7,Moderate,74.1,3,3.7,Yes,Low,63
1662,53,Male,Finance,40.7,Medium,High,7.4,Moderate,73.4,7,0.5,Yes,Medium,41.6
1663,52,Female,HR,44.9,Medium,Low,6.6,Unknown,63.2,5,9.1,No,Low,64
1664,36,Male,HR,38.6,High,High,7.9,High,73.7,7,16.2,No,Low,61.8
1665,22,Male,Finance,36.4,High,Moderate,6.3,High,79.1,3,10.3,No,Medium,70.1
1666,33,Male,HR,48.6,Low,High,7.2,Light,54.1,6,7.4,Yes,Low,51.7
1667,56,Male,IT,48,Medium,Low,6,Moderate,60,5,1,No,Low,41.8
1668,58,Male,Marketing,43.5,Medium,High,6.5,Unknown,57.2,5,4.3,No,High,49.6
1669,51,Female,HR,47,Low,Low,7.8,High,60.1,5,1,Yes,Medium,46.7
1670,47,Female,Sales,41.6,High,High,6.7,Unknown,81.2,2,11.8,No,High,43.2
1671,32,Female,IT,44.1,Low,Low,6.1,High,58.4,5,1.7,No,High,34.9
1672,53,Female,Sales,41.2,Medium,Low,7.4,Moderate,73.5,4,18,No,Low,58.3
1673,23,Male,Marketing,38.5,High,Moderate,8.8,Light,75.1,4,8.3,Yes,Medium,45.5
1674,31,Male,Marketing,38.8,Low,Low,3.6,Light,70.5,5,6.1,No,Low,54.2
1675,43,Male,HR,41.7,High,Moderate,7,Moderate,50.7,1,17.6,Yes,Medium,29.8
1676,30,Male,HR,46.4,Medium,Low,4.9,Unknown,70.1,7,2.4,Yes,High,81.1
1677,51,Female,HR,38.6,Medium,Moderate,5.8,Light,88.4,7,4,Yes,Medium,33.7
1678,46,Male,IT,44.2,Medium,Low,6,High,76.8,5,4,Yes,Low,55.4
1679,42,Female,Sales,46.4,High,Moderate,8.5,Unknown,72.7,2,2.4,No,High,68.8
1680,39,Male,Finance,36.9,Medium,Low,4.8,High,80.9,6,4.6,No,Low,52.3
1681,41,Female,IT,35.7,Low,Low,5.3,Unknown,83.6,4,18.2,No,Low,43.6
1682,37,Female,Finance,43.8,Low,Low,8.4,Unknown,56.2,8,10.5,Yes,Low,52.4
1683,56,Female,Finance,44,High,Low,3.5,High,65.8,7,1.4,Yes,Low,41.8
1684,50,Female,Finance,40.3,High,Moderate,9.1,Light,75,1,16.7,No,Low,42.7
1685,51,Female,HR,40.8,High,Moderate,5.2,Light,91,7,11.4,No,High,44.5
1686,24,Female,Finance,47.8,Medium,Low,6.6,High,67.6,5,11.5,Yes,High,45.6
1687,53,Female,Sales,41.9,Medium,High,7.8,Light,64,5,19.2,No,Medium,57.5
1688,35,Male,HR,40.7,Low,High,7.8,Light,36.5,9,10.1,Yes,Medium,36.9
1689,47,Male,Sales,37.5,High,Low,9.2,Unknown,65.1,5,2,Yes,Medium,43.2
1690,26,Female,Marketing,48.1,Medium,Moderate,4.7,High,57.6,6,18.9,No,Low,44.9
1691,49,Male,Sales,41.6,Medium,High,4.2,High,73.9,5,19.5,No,High,51.2
1692,29,Female,Finance,46.1,Medium,Moderate,9.2,High,68.8,6,2.2,No,Medium,51.6
1693,54,Female,Marketing,45.3,Low,Low,6,Moderate,72.7,7,19.8,No,High,81.9
1694,57,Female,Finance,35,Medium,High,6.1,Light,76.4,6,17.4,Yes,Low,42.8
1695,34,Male,IT,47.7,Low,Moderate,7.8,High,58.4,6,18.4,Yes,High,40
1696,41,Male,Finance,42.8,High,High,6.2,Moderate,79.9,3,17.3,No,Medium,69.2
1697,39,Female,Marketing,45.7,Medium,Low,7.7,Moderate,75.4,4,0.9,No,Medium,52.7
1698,41,Male,Finance,49.2,Medium,Low,4.9,Moderate,66.9,6,20,Yes,High,61.9
1699,54,Female,Marketing,38.2,Low,Low,5.2,Light,87.6,5,15.5,Yes,Medium,58.9
1700,42,Female,IT,30.5,Low,Moderate,5.4,Moderate,79.5,6,15.4,Yes,High,58.4
1701,45,Male,Finance,36.9,Low,Moderate,6.5,Moderate,80.8,3,17.2,Yes,Medium,10.5
1702,49,Male,Marketing,41.1,Medium,High,4.3,High,81.1,5,19.7,No,High,64.2
1703,26,Female,Marketing,44,Medium,Low,6,Moderate,56.5,6,12.7,Yes,High,29.5
1704,51,Male,Marketing,37.4,High,Moderate,5.7,Moderate,65.9,4,14.1,Yes,High,63.5
1705,45,Male,Marketing,36.8,Medium,High,5.2,High,72.7,3,10.9,No,Low,19.2
1706,35,Male,Finance,34.4,Low,High,6.9,Unknown,74.4,5,14.8,No,Medium,45.3
1707,57,Female,HR,52.6,High,High,5.7,High,71.1,3,17.7,No,High,46.1
1708,57,Male,Sales,29.2,Low,Low,6.3,Moderate,80.6,13,7.3,No,Medium,36.9
1709,47,Male,Marketing,45,Medium,Low,5.4,Light,57.8,5,6.7,No,High,53.1
1710,34,Male,HR,36.5,Low,Moderate,6.6,High,66.3,3,15.3,No,High,39.2
1711,42,Female,Finance,42.3,Low,High,7.3,Unknown,64.4,6,11.9,No,Low,49.6
1712,47,Male,IT,46.5,Low,High,5.8,Unknown,71.9,7,7.7,No,High,34.9
1713,55,Female,Marketing,41.5,High,Low,5.6,High,79.7,5,19.2,Yes,Low,31.3
1714,35,Male,HR,42,High,Low,4.9,Unknown,61.9,3,10.8,Yes,Low,50.3
1715,42,Female,HR,45.6,Low,Moderate,8.6,Unknown,71.4,3,5.5,No,Low,60.8
1716,40,Male,IT,41.6,Low,Low,6.3,Unknown,82.5,1,8.2,Yes,High,61.4
1717,33,Male,HR,46.1,Low,High,5.7,Unknown,59.1,5,14.9,Yes,Low,37
1718,57,Female,HR,39.1,High,High,7.4,High,56.3,3,11.9,No,High,35.1
1719,51,Female,Sales,36,Medium,Low,7.5,Unknown,58.5,6,15.3,Yes,Low,56.5
1720,54,Male,Finance,38.7,Medium,Low,6.1,High,83.1,4,1.8,No,Low,61.1
1721,44,Male,IT,49.8,Low,Moderate,8.2,High,53.7,8,10.1,No,Low,56.2
1722,34,Male,Marketing,42,Medium,Moderate,5,High,80.4,2,3.3,No,Low,62.6
1723,49,Female,Sales,40.9,Low,Low,5.7,Unknown,73.9,4,6.1,No,Medium,43.2
1724,49,Male,Marketing,46.3,Medium,High,6.7,Moderate,59.5,6,12.8,Yes,Low,60.8
1725,40,Male,Sales,37.5,Medium,High,7,Light,72.4,4,14.6,Yes,Medium,55.8
1726,58,Female,HR,39.2,Medium,Moderate,7.9,Unknown,66.2,5,16.5,Yes,Medium,33.2
1727,52,Male,IT,40.3,High,High,6.3,Light,82,1,19.5,Yes,High,37.7
1728,38,Male,Sales,40.8,Medium,Low,5.3,High,82.7,3,8.8,Yes,Low,47
1729,49,Female,HR,42.6,Low,High,6.4,Moderate,66.5,4,14.1,Yes,Medium,48.3
1730,25,Female,Sales,42.5,Medium,Low,5,Unknown,69.2,3,7.9,No,Medium,23.1
1731,27,Male,Finance,44.9,Medium,High,6.7,Light,73.1,8,16.7,No,High,43.5
1732,40,Female,IT,47,Low,High,5.6,Light,54.7,6,3.6,No,High,54.1
1733,44,Female,Finance,36.5,Medium,Moderate,7.5,High,75.2,4,11.1,No,High,21.9
1734,27,Male,Marketing,42.2,High,High,4.5,Moderate,75.9,6,1.7,Yes,Medium,44.3
1735,45,Female,Finance,45,Medium,Low,3.5,Light,88,2,9.2,Yes,Medium,43.8
1736,43,Male,HR,36.6,High,Moderate,6.1,High,77.7,3,10.9,No,Medium,54.1
1737,42,Female,Marketing,49.7,Medium,Moderate,8.4,Unknown,89.3,4,18.4,Yes,High,71
1738,35,Male,Marketing,50,Low,High,6.8,High,73.7,7,15.2,Yes,Medium,26.3
1739,45,Female,Marketing,35.9,High,Moderate,7.3,Moderate,61.1,6,1.4,Yes,Medium,43.3
1740,46,Female,IT,47.9,High,Low,6.6,Unknown,63.4,8,7.9,Yes,Low,51.6
1741,38,Male,Marketing,36,High,Low,5.5,Moderate,51.5,5,12.3,No,High,45.1
1742,56,Female,Finance,41.7,High,Low,7,Moderate,64.2,5,4,No,High,49.3
1743,38,Male,Marketing,38.9,High,High,6.6,Light,73.9,7,17.1,Yes,Medium,53.7
1744,49,Female,IT,37.3,Medium,Low,6.2,Moderate,73.9,7,10.6,Yes,Medium,57.9
1745,23,Female,Sales,46.7,Medium,Moderate,4,Unknown,60.5,6,12.1,Yes,Low,54.4
1746,55,Male,IT,39.1,High,High,6.3,Unknown,79.7,6,4.7,No,Medium,56
1747,22,Male,IT,41.7,Low,Low,6,Unknown,81.1,4,11,No,High,66.8
1748,24,Female,Finance,39.3,Medium,High,7.4,Unknown,56.8,7,17.9,Yes,Medium,40.9
1749,43,Male,Sales,51,High,Moderate,5.4,Moderate,64.9,5,8.3,Yes,Low,42
1750,25,Male,HR,43.3,High,Moderate,7.3,Light,71.8,5,6.1,No,Medium,32.2
1751,36,Male,Marketing,42.3,Medium,High,5.5,High,77.5,5,8.9,Yes,Medium,81.3
1752,57,Male,Marketing,41.2,Low,Low,5,Light,69,3,3.9,No,Low,63.4
1753,33,Male,Finance,42.1,Low,Moderate,5.7,Unknown,66.5,5,19.3,No,Medium,57.5
1754,58,Male,HR,49.7,Medium,High,3.7,High,62,7,7,Yes,Low,48.1
1755,28,Male,Sales,52.5,Low,Moderate,8.4,High,57.2,5,2.8,Yes,High,49.8
1756,52,Male,IT,41,Medium,Low,8.1,Unknown,70.8,4,3.4,No,Low,56.8
1757,26,Female,Marketing,43.2,Low,High,5.1,Moderate,71.4,3,11.3,No,Medium,46.5
1758,48,Female,Sales,43.1,Medium,Low,7.2,Moderate,75.3,7,3.4,No,Medium,73.8
1759,46,Female,Finance,45.6,Medium,High,8.1,Light,66.3,10,9.2,Yes,Low,52.7
1760,38,Male,IT,47.1,Medium,Low,6.6,Light,79.6,3,18.3,No,High,51.7
1761,49,Female,Finance,47.3,High,High,9.3,Light,72.4,8,0.7,Yes,High,39.5
1762,48,Female,IT,50.7,Low,High,5.8,High,89.1,3,1.2,No,High,27
1763,47,Male,IT,46.7,Medium,High,5,Light,82.2,2,10.5,Yes,Low,41.6
1764,50,Female,Marketing,48.5,Low,High,7.7,Unknown,70.9,3,12,Yes,Medium,44.2
1765,48,Male,Finance,43.7,Low,High,7,Light,84.2,5,14.1,No,High,59.5
1766,38,Female,Sales,48.7,High,Moderate,7.3,High,74.6,6,3.7,Yes,Medium,35.7
1767,59,Female,Sales,38.9,High,Low,4,High,70.3,4,9.9,Yes,Low,67.5
1768,37,Male,Marketing,43.7,Medium,High,5.1,Moderate,71.3,4,7.1,No,High,72
1769,30,Female,HR,39.2,Medium,High,6.5,High,66.6,0,4.1,Yes,High,59.8
1770,53,Male,IT,48.7,High,High,4.3,Light,83.3,5,6.4,Yes,High,69.6
1771,22,Female,IT,44.8,High,Moderate,6,Moderate,60,6,2.2,No,Low,64.5
1772,30,Male,Sales,48.7,Medium,Moderate,5.7,Moderate,66.6,3,3,Yes,High,33.1
1773,28,Female,Sales,40.3,High,High,6.5,High,52.8,5,19.7,No,High,79
1774,58,Male,HR,47,Low,Moderate,7.4,High,67,4,19.6,No,High,71.4
1775,27,Male,Finance,43.5,Low,Low,5.1,High,84.1,9,11.9,Yes,Medium,63
1776,58,Male,HR,48.7,High,Moderate,7.8,Light,44.3,4,9.4,No,High,50
1777,25,Female,Finance,39.7,Low,High,5.5,Light,69.4,2,19.8,No,Medium,53.5
1778,58,Female,Finance,40.6,High,Moderate,8.5,Light,57.3,8,3.4,No,High,35.7
1779,31,Male,Marketing,39.5,Low,Moderate,7,Moderate,84.7,5,8.9,No,High,37
1780,31,Female,Marketing,49.3,Medium,High,6.7,High,69.7,3,16.7,Yes,High,87.6
1781,56,Female,Finance,37.7,Low,Low,7.9,High,78.3,2,0.7,No,Low,67.8
1782,29,Female,Finance,36.8,High,High,6.1,Light,77.3,4,18,Yes,High,52.2
1783,44,Male,Finance,45.3,Medium,High,7.5,Moderate,59.6,4,15.8,No,Low,48.1
1784,28,Male,HR,35,High,High,5.7,Moderate,73.7,5,1.3,No,High,58
1785,23,Male,Marketing,39.6,Medium,High,8.4,High,55.5,8,8,No,Medium,40.5
1786,59,Male,HR,41.8,Medium,Moderate,5.8,High,97.6,6,5.4,Yes,Medium,57.7
1787,41,Male,Marketing,37.1,High,Low,5.5,Unknown,76.8,3,14.1,Yes,Low,47.2
1788,52,Male,IT,45.9,Medium,Moderate,7.4,Moderate,75.1,5,16,Yes,Medium,31.3
1789,51,Female,IT,46.5,Low,High,5.7,Light,93.8,4,11.3,Yes,Medium,64.3
1790,46,Female,Sales,47.8,Low,Moderate,7.7,Unknown,63.6,3,18.1,No,Low,48.2
1791,31,Male,Marketing,37.5,Low,High,6.8,Unknown,75.1,7,3.1,No,High,62.7
1792,38,Male,Marketing,42.6,Medium,Low,6.5,High,62.1,3,17.8,Yes,Low,68.3
1793,30,Male,Finance,45.7,Low,High,5.3,Moderate,79.5,9,6.1,Yes,Low,57.2
1794,53,Female,Sales,47.1,High,Moderate,6.5,High,73.3,6,10.9,No,Low,47.9
1795,45,Female,IT,45.1,High,Low,6,Unknown,58.8,3,5,No,Low,72.3
1796,37,Female,IT,41.6,High,High,4.9,Moderate,58.9,5,19.5,Yes,High,69.3
1797,33,Male,HR,47.4,High,Moderate,8.5,Unknown,76.4,7,17,No,High,44.1
1798,56,Female,IT,52.8,High,Moderate,7.3,Unknown,68.5,5,18.1,Yes,Medium,42.7
1799,38,Male,HR,47.9,Low,Moderate,6.6,Moderate,59.1,11,18.8,No,Medium,61.3
1800,50,Male,HR,43.5,High,Low,6.1,Moderate,73.1,5,11.9,Yes,Low,54.7
1801,57,Female,HR,37.5,High,Low,6.9,Moderate,74.8,1,8.9,Yes,Medium,60.3
1802,56,Male,IT,42.3,High,Low,4.7,Moderate,85,4,11.6,Yes,High,41.3
1803,25,Female,Marketing,42,High,Moderate,5.3,Light,78.6,4,16.8,No,High,58.4
1804,28,Female,Finance,45.1,Medium,Low,5,High,77.6,6,5.8,Yes,Low,65.9
1805,40,Male,Finance,44.1,Low,Low,6.2,Light,75,7,14.7,Yes,High,32
1806,49,Male,HR,40.2,Medium,High,5.8,Light,75.1,7,1,Yes,High,73.7
1807,43,Female,Marketing,35.7,Low,High,6.5,Moderate,60.5,2,6.4,Yes,Low,49.9
1808,42,Male,Sales,37.2,Low,Low,5.6,Unknown,60.5,6,15.2,No,High,57.3
1809,26,Female,IT,44.5,Medium,High,4.6,High,59.7,2,11.5,No,High,65.5
1810,53,Female,IT,37.5,Medium,Low,7,Unknown,68.6,5,19.5,Yes,High,47.7
1811,22,Male,Finance,39,Medium,Low,6.7,High,81.6,5,15.9,No,High,54.6
1812,41,Female,HR,40.7,Low,Moderate,6.1,High,60.5,4,9.6,No,Medium,60.3
1813,49,Female,Marketing,42.8,High,Low,7.5,Light,65.9,2,12.2,No,High,47.1
1814,58,Female,Marketing,35.4,Low,Low,6.6,Moderate,53.5,3,5.2,No,High,52.1
1815,33,Male,IT,39.9,High,Low,8.3,Unknown,57.8,5,9.5,No,Low,46.7
1816,39,Female,Marketing,34.2,High,High,4.4,Moderate,65.7,2,1.8,No,Low,26.3
1817,26,Male,Marketing,46.4,High,Low,7.6,Moderate,75.1,1,1.2,No,High,83.2
1818,52,Male,IT,35.4,Low,Low,5.2,High,68.8,5,14.7,Yes,Low,49.5
1819,23,Male,Marketing,43.5,High,Moderate,5.2,High,74.8,5,6.8,Yes,High,31.1
1820,30,Male,Marketing,46,Low,High,6.9,High,79.1,4,17.6,No,Medium,40.5
1821,23,Male,Finance,35.2,Medium,Low,6.3,Moderate,81.2,7,9.3,Yes,High,61.5
1822,39,Female,IT,41.4,Low,Low,6.3,High,55.4,4,9.8,No,High,69.9
1823,56,Female,HR,44.7,Low,Moderate,6,Unknown,72,7,2.4,No,Low,71.2
1824,46,Female,HR,41.1,High,High,5.3,Unknown,69.4,4,5.8,Yes,Medium,57.5
1825,37,Male,Finance,44.8,Medium,High,6.4,Light,60,4,16.7,No,High,40.7
1826,41,Female,IT,40,Medium,Low,5.6,Light,77.9,7,17.1,No,Medium,25
1827,25,Male,Finance,44.9,High,High,5.2,Moderate,72.8,3,8.9,Yes,Medium,34.9
1828,53,Female,HR,45.5,Medium,Moderate,8.1,Light,79.4,3,15.3,No,High,61.6
1829,41,Male,IT,38.7,High,High,7.8,Light,72.9,5,10.8,No,Low,50.8
1830,36,Female,IT,41.6,High,Moderate,7.3,Unknown,56.7,2,4.1,No,High,49.8
1831,39,Female,Finance,38.1,Low,Low,6.2,Unknown,77.5,5,8.6,No,High,60
1832,28,Male,IT,49,High,Moderate,7.1,High,81.6,9,18.9,Yes,Medium,47.4
1833,24,Male,IT,47.9,Low,High,7.1,Light,55.8,4,17.3,No,Low,81.9
1834,29,Female,Marketing,38.5,High,Moderate,7.2,High,73.9,5,6.4,Yes,High,59.6
1835,50,Male,HR,40.1,High,High,4.9,Light,77.2,5,15.3,Yes,High,45.8
1836,29,Male,Sales,45.3,High,High,7.3,Unknown,59.2,6,7.4,No,Low,35.1
1837,22,Male,Finance,38.7,High,Low,7.2,Light,73.6,8,1.1,Yes,High,55.3
1838,42,Male,Marketing,36.4,High,Low,8.7,Unknown,58.8,6,14.5,No,Medium,52.1
1839,23,Male,IT,32.2,High,High,5.5,High,75.8,6,16.3,No,Low,44.8
1840,55,Male,Sales,45.8,Medium,Moderate,5.6,High,76.5,2,11.8,No,Low,81.1
1841,42,Female,IT,52.2,High,High,4.1,Unknown,61.4,3,11.4,No,High,25.8
1842,54,Male,Sales,39.8,High,Low,6,Light,63,3,17.1,No,Low,73.7
1843,28,Female,Finance,45.8,High,Moderate,7.3,Light,67.9,6,16.4,Yes,High,39
1844,36,Female,Finance,37.3,Low,Moderate,6.2,High,64.3,2,18.6,Yes,Medium,37.7
1845,30,Male,IT,43,High,High,6.3,Unknown,57.5,5,3.8,No,High,28.3
1846,51,Female,HR,45.9,Medium,Moderate,6.7,Light,73.1,7,2.5,Yes,Low,58
1847,38,Female,IT,39.2,High,High,8.2,Unknown,70.2,6,6.4,No,Low,44.2
1848,59,Male,Sales,42.4,High,High,5.9,Moderate,75.3,6,14,Yes,High,31.3
1849,42,Male,Marketing,46,Low,High,8.3,High,69.4,5,11.7,No,Low,64.2
1850,24,Female,HR,41.6,Medium,Moderate,5.7,High,66.7,1,2.3,Yes,Medium,42.2
1851,58,Male,Sales,47,Medium,Low,7.9,High,73.2,2,4.1,No,Medium,41.4
1852,38,Male,HR,48.2,Low,Low,5.4,High,48.3,3,5.5,No,High,30.3
1853,38,Male,HR,37.9,Medium,Moderate,6.7,High,79.1,1,2.7,Yes,Low,49.3
1854,32,Male,Finance,41.6,Medium,Moderate,5.7,Unknown,53.9,2,9.7,Yes,High,36.4
1855,31,Female,HR,36.9,High,Moderate,7.4,Unknown,71.7,5,4.8,Yes,Low,67.7
1856,22,Female,Finance,40.5,High,Moderate,5.7,High,66.7,6,9.1,No,High,41.8
1857,31,Male,Marketing,38.2,Low,Low,5.7,Unknown,58.2,8,4.8,No,Low,59.1
1858,46,Male,HR,42.3,Low,Low,5.4,Unknown,65.2,8,13.5,No,High,44.3
1859,37,Female,Marketing,33.6,Medium,High,6.3,Unknown,74.3,4,5.1,No,Medium,14.9
1860,59,Male,IT,41.8,Medium,Moderate,6.7,Light,38.3,3,15.8,Yes,High,36.7
1861,53,Male,HR,37.1,Medium,High,7,Unknown,79.9,4,17.3,Yes,Low,74.6
1862,46,Female,HR,40.5,Medium,Low,5.7,Unknown,71.9,3,12.2,No,High,42.6
1863,34,Female,Sales,48.3,Low,Low,4.8,Light,62.2,4,0.8,No,Low,47.8
1864,37,Female,IT,38.1,Medium,Low,7.9,Light,67.8,6,8,Yes,High,55.1
1865,41,Female,HR,40.4,Medium,Low,6.6,Unknown,71.7,4,4.3,Yes,Low,54.8
1866,49,Male,IT,47.5,Low,Low,6.7,Moderate,75.2,10,17.5,Yes,High,37.5
1867,29,Male,IT,39.4,High,High,4.7,Light,78.7,9,14.4,No,Low,58.2
1868,52,Female,Finance,43,Low,Low,6.8,High,83.7,6,17.4,No,Medium,40
1869,49,Female,HR,47.1,Medium,High,7.3,Light,72.5,3,4.9,Yes,High,40
1870,50,Female,Sales,41.6,High,High,6.8,High,55.1,3,14.8,No,High,24
1871,55,Male,Marketing,39.4,High,Low,5.4,Unknown,83,9,1.2,No,Medium,48.2
1872,58,Female,HR,46.4,Low,High,5.5,Moderate,52.1,4,19,Yes,High,38.1
1873,41,Male,Finance,41.5,Low,Moderate,6.1,Unknown,79.4,4,2.4,No,Medium,45.9
1874,26,Male,IT,44.4,High,High,6.4,High,71.2,5,6.6,No,Medium,69
1875,48,Female,HR,50.9,Low,Moderate,5,Unknown,83.4,1,14.7,Yes,High,36.5
1876,58,Male,Sales,41.3,High,Moderate,7.7,Light,63.3,7,10.8,No,Low,45.2
1877,58,Male,Marketing,50.4,High,High,6.1,Light,60.7,4,18.1,No,Medium,48.3
1878,52,Male,Finance,46.9,Medium,Moderate,7.6,Moderate,66.7,6,18.8,Yes,Medium,72.1
1879,54,Female,HR,42.9,Medium,High,6.3,Moderate,57.9,4,1.6,No,High,40.7
1880,53,Male,HR,53.6,Medium,Low,6.5,Moderate,82.8,6,19.4,Yes,Medium,43.7
1881,38,Male,HR,43,Low,Moderate,6.8,Unknown,62,1,10.3,No,Medium,45.6
1882,44,Female,HR,41.7,Low,High,8.1,Unknown,67.5,6,8.8,No,High,49.2
1883,58,Female,IT,45.5,Medium,High,7.5,Light,85.2,2,5.9,No,High,36.6
1884,38,Female,HR,40,High,Moderate,6.1,Light,70,2,7.4,No,High,57.3
1885,39,Male,IT,33.7,Medium,Moderate,4.8,Moderate,87.8,4,13.6,No,Low,52.8
1886,35,Female,Finance,34,High,Low,6.8,Light,79,5,7.5,Yes,Medium,39.8
1887,37,Male,Finance,38.8,High,Moderate,7.4,High,57.6,8,3.7,No,Medium,42.8
1888,45,Male,HR,30.7,High,High,7.9,High,77.4,6,13,No,Low,65.9
1889,24,Male,IT,39.7,Low,High,6,Unknown,66.4,5,9.4,Yes,High,74.6
1890,34,Male,IT,42.4,High,Low,6.4,Unknown,54.8,9,0.6,No,Medium,27.9
1891,42,Female,IT,45.9,High,Moderate,6.9,High,86.1,1,15.3,No,Medium,41.9
1892,40,Male,Finance,45.3,Low,High,5.3,Moderate,73.7,2,19.2,Yes,High,51.1
1893,37,Female,Finance,38.8,High,High,6.1,Unknown,52.8,5,13,Yes,Low,62.1
1894,49,Male,Marketing,42.4,Low,High,7.1,Unknown,82.4,4,16,Yes,High,67.8
1895,26,Female,Finance,49.4,Medium,Moderate,8.1,Unknown,89,5,10.9,Yes,Medium,49
1896,29,Male,Sales,42.2,Medium,Low,5.1,Unknown,76.3,2,18.7,No,High,65.1
1897,36,Female,HR,50.3,High,Moderate,5.2,High,74,6,4.4,Yes,Medium,41.6
1898,30,Male,HR,40,Low,Low,6.9,Unknown,79.9,1,15.2,No,Low,70.4
1899,39,Male,Finance,35.6,High,High,6.7,Unknown,59.1,7,16.1,No,High,42.9
1900,41,Female,IT,46.2,High,Low,6.3,Light,66,8,15.4,Yes,High,44.3
1901,57,Male,HR,44.9,High,Low,5.1,Moderate,78.8,3,15.4,No,Medium,39.3
1902,47,Female,Finance,37.5,High,High,3.9,Light,71.3,7,11.7,Yes,Low,50.8
1903,23,Female,Marketing,44.2,High,Low,8.7,High,80.8,3,18,Yes,High,59.5
1904,59,Male,Sales,37.9,Low,Moderate,5.7,Unknown,90.8,5,16.5,No,Medium,64.4
1905,27,Female,Sales,36.1,High,Low,7.6,Moderate,75,8,11.3,No,High,48.2
1906,24,Male,Marketing,39.3,High,High,7.6,Moderate,74.9,3,13.3,Yes,High,45.5
1907,42,Female,Finance,47.4,Low,Low,6.5,Moderate,58.7,3,13.8,No,Medium,43.7
1908,44,Female,HR,46.9,Low,High,8.4,Light,70.2,2,16.3,Yes,Low,75.3
1909,47,Male,Finance,40.5,Medium,High,5.9,High,61.8,2,8.4,No,Medium,6
1910,43,Male,Finance,52.5,Low,High,10.1,Unknown,64,4,13,No,Low,58.1
1911,41,Female,Sales,33.2,Low,Low,7.4,Moderate,75.6,3,15.2,Yes,Medium,52.6
1912,51,Male,Marketing,43.4,Medium,High,7.4,Light,76.8,9,14.1,No,High,21.8
1913,53,Female,Sales,45.4,Medium,Low,6.3,Light,60.4,5,9.7,Yes,High,38.1
1914,23,Male,IT,53,Low,Low,6.4,Light,65.9,8,17.4,Yes,Medium,63.1
1915,59,Male,Sales,39.9,Medium,High,7.1,Moderate,65.8,7,13.5,Yes,Medium,61.4
1916,51,Male,Finance,35.2,Medium,High,7.2,Light,67.9,9,13.8,No,High,59.5
1917,53,Female,Marketing,37.5,Low,High,6.3,Moderate,61.8,5,13.5,Yes,Low,61.5
1918,48,Male,Marketing,27.5,Low,High,5.9,High,66,5,19.4,No,High,36.4
1919,33,Female,HR,48.1,Low,Low,8.1,Moderate,74.3,5,1.6,Yes,Low,63.4
1920,44,Male,IT,41.9,Low,Moderate,7.6,Moderate,76.8,9,18.9,No,Low,36.2
1921,36,Male,IT,39,High,Moderate,6.9,Unknown,77,7,6.8,No,Medium,23
1922,56,Female,IT,40.8,Low,Low,5.6,Unknown,57.6,2,13.5,No,Medium,52.2
1923,24,Female,Finance,41.1,High,Low,6.6,Light,65.1,7,1.2,Yes,High,86
1924,36,Female,HR,39.2,Medium,Low,7.1,High,59.6,3,16.5,No,Low,33.1
1925,26,Male,IT,44.7,High,Moderate,8.9,High,51.1,8,4,No,Medium,52.6
1926,49,Female,HR,45.7,High,High,6.4,High,77.5,4,6.2,Yes,Medium,60.3
1927,31,Female,Sales,47.9,High,Low,6.2,High,75.3,6,17.2,Yes,Medium,54
1928,43,Female,IT,45.6,High,Low,8.5,Light,71,6,16.3,No,High,41.9
1929,24,Male,Sales,39.6,High,Low,4.5,Unknown,58.3,4,16,No,High,69.3
1930,59,Male,HR,36.8,Low,Low,5.1,Moderate,71,6,5.7,Yes,Low,27
1931,57,Male,Marketing,36.1,Low,Low,8.4,Unknown,64.7,8,10.1,No,Low,48.2
1932,23,Male,Marketing,44.5,Medium,Moderate,5.8,Light,67.8,0,4.8,No,High,70.7
1933,46,Male,Marketing,38.7,Medium,Low,6.1,Unknown,66.7,13,7.8,Yes,Medium,14.5
1934,59,Male,Sales,34.5,Low,Low,7.4,Moderate,85.1,9,19.4,No,Medium,46.9
1935,51,Male,Finance,40.9,High,High,5,High,49.4,6,3.1,No,High,53.6
1936,27,Female,Marketing,34.2,Medium,Low,6.4,Unknown,66.4,3,15.8,No,Medium,62.6
1937,36,Female,Finance,50.4,High,High,5,Moderate,55.3,5,7.8,No,Low,53.5
1938,42,Female,Marketing,44.3,High,Moderate,8.1,Moderate,58.2,6,8.2,Yes,High,48
1939,41,Male,Sales,42.9,Medium,Moderate,6.9,Light,69.2,3,7.1,No,Medium,28
1940,34,Male,Sales,39.8,Medium,Low,5.7,Moderate,81.5,2,1.4,Yes,High,30.5
1941,32,Male,IT,40.3,Medium,High,6,Moderate,69.6,6,4.6,No,High,70.8
1942,25,Female,Sales,48.4,High,Low,6.2,Light,64.3,1,1.5,No,Low,83.6
1943,55,Male,Sales,39.6,High,High,5.3,Moderate,73.7,4,11.6,Yes,Medium,58.5
1944,35,Male,IT,45.7,Low,High,5.1,High,75,3,6.4,Yes,Medium,63.9
1945,59,Female,Marketing,45.8,Medium,Low,7.9,Light,85.6,5,12.4,No,Low,68.7
1946,33,Male,Sales,47.8,Low,Moderate,5.3,Moderate,74.2,11,14.2,No,High,73.7
1947,35,Female,Sales,38,High,High,5.5,Light,81,2,19.1,No,Low,33.2
1948,35,Male,Finance,46.4,Low,Moderate,7,Moderate,92.1,8,6.4,Yes,High,53.8
1949,46,Female,HR,40.7,High,Low,8.5,Moderate,66.3,10,9.6,No,High,13.1
1950,40,Male,Sales,44.7,Low,Low,4.6,High,79.8,4,8.4,Yes,Medium,46.3
1951,39,Female,HR,44.6,Low,Moderate,6.7,High,57.5,5,16.9,No,High,54.5
1952,33,Male,Marketing,37,Medium,Low,5.7,Moderate,64.3,2,14.9,Yes,Medium,52.5
1953,24,Male,IT,35.5,Low,Low,8.2,High,56.4,2,10.8,No,Low,50.2
1954,58,Female,Marketing,40.7,Low,Low,4,High,68,7,0.6,No,Low,57.9
1955,30,Male,Finance,42.5,Medium,Low,5.5,Unknown,78.5,9,6.7,Yes,Low,42.9
1956,50,Female,Sales,41.4,Medium,High,9,Light,64.1,8,8.6,No,High,75.1
1957,49,Female,Marketing,38.3,High,Low,5.9,Light,71.7,4,13.5,Yes,High,78.5
1958,43,Male,IT,42.5,Low,Low,4.7,Moderate,76.6,5,2.5,Yes,High,89.5
1959,22,Female,HR,43,Medium,Low,7.6,High,59.6,5,8.8,No,High,32.4
1960,33,Male,Marketing,37.5,Low,Moderate,7.2,Unknown,75.5,3,17.5,Yes,Medium,23.2
1961,25,Male,Finance,47,High,Moderate,6.1,Unknown,83.8,3,14.3,No,Medium,38.7
1962,45,Male,Sales,30.5,Low,High,7,High,85.2,3,2.2,No,High,62.6
1963,24,Male,Sales,36.6,Low,Moderate,6,High,71,5,8.6,Yes,High,42.7
1964,27,Male,Finance,45,High,Low,7.6,Unknown,83.2,11,1.8,Yes,High,55.1
1965,22,Male,Finance,37.9,High,Low,8.8,Moderate,76.3,4,11.1,No,Medium,32.7
1966,38,Male,HR,42,Low,High,7,Light,75,2,4.3,No,Medium,91.8
1967,24,Male,Sales,43.7,High,Moderate,6.1,Light,83.3,8,15.4,No,Medium,69.5
1968,24,Male,HR,37,High,Low,4.2,Unknown,70.2,3,3.9,Yes,High,63.7
1969,30,Female,HR,48.3,High,High,6.2,Light,72.8,6,16.3,Yes,Medium,38.9
1970,39,Female,Marketing,44,High,Moderate,7.9,Light,69.1,5,5.7,Yes,High,82.9
1971,54,Female,IT,32.4,High,Moderate,4,High,68.4,3,3.7,Yes,Medium,45.6
1972,47,Female,IT,41.3,High,High,7.8,High,53.1,2,0.5,No,Low,47.7
1973,43,Male,Marketing,37.1,Medium,High,6.1,Moderate,69,1,16.1,No,Low,75.5
1974,22,Female,HR,30.6,High,High,5.9,Moderate,78.7,4,16.6,Yes,Medium,29
1975,40,Female,Marketing,35.7,Medium,High,7.3,Moderate,69.2,8,9,Yes,High,26.3
1976,27,Female,IT,48.8,High,Low,8.5,Moderate,74.4,7,16.7,No,Low,49.1
1977,47,Female,Marketing,42.3,Medium,High,5.2,Moderate,64.7,8,14.3,Yes,Medium,55.2
1978,42,Female,Sales,35.5,Low,Low,6.5,High,62.5,6,16.8,Yes,High,46.3
1979,26,Female,Marketing,42.3,High,Low,5.1,Moderate,64.4,6,10.7,No,High,56.6
1980,39,Female,HR,37.1,Medium,High,7.1,Moderate,71.5,5,10.6,Yes,Low,45.7
1981,36,Female,HR,40.3,Low,High,8.2,Light,67.8,6,1.1,Yes,High,38
1982,41,Male,HR,34.6,High,Moderate,8.3,Light,64,4,6.6,No,High,21.6
1983,49,Female,HR,44.4,Low,Low,7.3,Moderate,70.9,4,16.7,No,Low,66.7
1984,58,Female,Finance,43.7,Low,Low,5.4,High,63.2,8,10.9,No,Low,68.8
1985,30,Male,Sales,37.5,High,High,8.3,High,82.1,2,14.1,Yes,Low,38.2
1986,47,Male,Marketing,49.9,Low,Moderate,4.3,Light,72.8,3,16,No,Medium,52.7
1987,41,Male,Marketing,40.5,Low,High,5.8,Light,65.6,8,6.8,No,High,57.7
1988,28,Female,Sales,46.1,High,Low,5.6,High,61.8,5,11.5,No,Low,11.4
1989,30,Male,Marketing,46.6,Low,Moderate,7.8,Unknown,59.1,9,15.4,Yes,Low,69.7
1990,54,Female,IT,45.7,High,Low,5.5,High,54.1,4,12.7,No,Low,38
1991,43,Female,Marketing,38.9,High,Low,6.9,Light,60.1,5,15.7,No,Low,42.5
1992,22,Female,IT,46,Low,Low,7.1,Light,81.7,2,7.3,Yes,Medium,35.7
1993,29,Female,Sales,46.7,High,Moderate,5.9,Unknown,61.8,5,2.6,No,High,50.9
1994,55,Female,Finance,44.9,Low,Moderate,9.3,High,57.3,7,10.2,No,High,64.3
1995,46,Male,IT,44.4,High,Low,5.6,Unknown,75.6,8,12.4,Yes,Low,45.9
1996,54,Female,Marketing,44.9,High,Moderate,6.1,Light,84,7,1.9,No,Medium,35.7
1997,30,Female,Marketing,34.3,Medium,Low,5.8,Unknown,77.6,4,19.1,Yes,Medium,78.6
1998,38,Male,IT,42.5,High,Low,6.8,Moderate,66.1,4,18.4,No,Low,50.9
1999,32,Male,Marketing,46.6,Low,Low,5.4,High,51.1,8,9.7,Yes,High,54.6
2000,40,Male,Finance,50.7,High,High,6.4,Moderate,63.4,5,9.2,No,Medium,67.8
